var,bin,bin_lo,bin_hi,bin_mid,n,pos_rate,method,brier,logloss,ece,acc@0.5,f1@0.5,brier_base,ece_base,logloss_base,delta_brier,delta_ece,delta_logloss
mag,0,-7.812374591827393,-1.2627123832702636,-4.537543487548828,100000,0.74797,uncalibrated,0.033567306183879084,0.14686598408777482,0.022501614026546476,0.96307,0.9757532384822959,0.033567306183879084,0.022501614026546476,0.14686598408777482,0.0,0.0,0.0
mag,0,-7.812374591827393,-1.2627123832702636,-4.537543487548828,100000,0.74797,beta,0.03233479008292742,0.13725381606905415,0.0035125956935068386,0.96401,0.9763278192521458,0.033567306183879084,0.022501614026546476,0.14686598408777482,-0.0012325161009516666,-0.018989018333039637,-0.009612168018720668
mag,0,-7.812374591827393,-1.2627123832702636,-4.537543487548828,100000,0.74797,isotonic,0.03232360907033799,0.13782849279861334,0.0045193941892832995,0.964,0.9763226434453185,0.033567306183879084,0.022501614026546476,0.14686598408777482,-0.0012436971135410951,-0.017982219837263176,-0.009037491289161481
mag,0,-7.812374591827393,-1.2627123832702636,-4.537543487548828,100000,0.74797,magaware_platt,0.03215227362714476,0.13660532572217737,0.0032154788925567034,0.96402,0.9763230281254525,0.033567306183879084,0.022501614026546476,0.14686598408777482,-0.001415032556734322,-0.019286135133989774,-0.010260658365597447
mag,0,-7.812374591827393,-1.2627123832702636,-4.537543487548828,100000,0.74797,magbinned_beta,0.03227216035504132,0.13705780339126228,0.0025238331687148985,0.96401,0.9763137977557669,0.033567306183879084,0.022501614026546476,0.14686598408777482,-0.0012951458288377668,-0.019977780857831577,-0.009808180696512542
mag,0,-7.812374591827393,-1.2627123832702636,-4.537543487548828,100000,0.74797,magbinned_isotonic,0.0322498391637039,0.13794644399065176,0.0017805061495982863,0.96403,0.9763313220111467,0.033567306183879084,0.022501614026546476,0.14686598408777482,-0.0013174670201751837,-0.02072110787694819,-0.008919540097123063
mag,1,-1.2627123832702636,-0.6219603419303894,-0.9423363626003265,99999,0.8243682436824368,uncalibrated,0.07148288570100954,0.2662286071271835,0.04733160954733516,0.9144691446914469,0.9502729667032948,0.07148288570100954,0.04733160954733516,0.2662286071271835,0.0,0.0,0.0
mag,1,-1.2627123832702636,-0.6219603419303894,-0.9423363626003265,99999,0.8243682436824368,beta,0.06658828417093395,0.24604908120846486,0.008455975972778019,0.9193191931919319,0.95254173480312,0.07148288570100954,0.04733160954733516,0.2662286071271835,-0.004894601530075593,-0.038875633574557145,-0.020179525918718633
mag,1,-1.2627123832702636,-0.6219603419303894,-0.9423363626003265,99999,0.8243682436824368,isotonic,0.06655550855229923,0.245837257183577,0.006789535057084052,0.9192791927919279,0.9525589486799727,0.07148288570100954,0.04733160954733516,0.2662286071271835,-0.004927377148710305,-0.04054207449025111,-0.0203913499436065
mag,1,-1.2627123832702636,-0.6219603419303894,-0.9423363626003265,99999,0.8243682436824368,magaware_platt,0.06648326890901528,0.2456262890212272,0.0064008409108530905,0.919679196791968,0.9526749941079425,0.07148288570100954,0.04733160954733516,0.2662286071271835,-0.00499961679199426,-0.04093076863648207,-0.02060231810595628
mag,1,-1.2627123832702636,-0.6219603419303894,-0.9423363626003265,99999,0.8243682436824368,magbinned_beta,0.06643474557339535,0.24543060836962535,0.005676263581515358,0.9194291942919429,0.9524012075453864,0.07148288570100954,0.04733160954733516,0.2662286071271835,-0.00504814012761419,-0.0416553459658198,-0.02079799875755814
mag,1,-1.2627123832702636,-0.6219603419303894,-0.9423363626003265,99999,0.8243682436824368,magbinned_isotonic,0.06646210225813688,0.24641274959741857,0.003792329837662457,0.9196391963919639,0.9526586782604597,0.07148288570100954,0.04733160954733516,0.2662286071271835,-0.005020783442872656,-0.0435392797096727,-0.01981585752976492
mag,2,-0.6219603419303894,-0.2605365782976149,-0.44124846011400215,100001,0.7267227327726723,uncalibrated,0.13828919086628255,0.4426999367277419,0.0880327067928253,0.8120418795812042,0.8834457783510269,0.13828919086628255,0.0880327067928253,0.4426999367277419,0.0,0.0,0.0
mag,2,-0.6219603419303894,-0.2605365782976149,-0.44124846011400215,100001,0.7267227327726723,beta,0.12715097118711857,0.406331511786623,0.00973868702088746,0.8248417515824842,0.8858743810268439,0.13828919086628255,0.0880327067928253,0.4426999367277419,-0.01113821967916398,-0.07829401977193784,-0.03636842494111886
mag,2,-0.6219603419303894,-0.2605365782976149,-0.44124846011400215,100001,0.7267227327726723,isotonic,0.1270935737741241,0.40611454863410823,0.006622610641857513,0.8250117498825011,0.8863944739114346,0.13828919086628255,0.0880327067928253,0.4426999367277419,-0.011195617092158439,-0.08141009615096778,-0.03658538809363365
mag,2,-0.6219603419303894,-0.2605365782976149,-0.44124846011400215,100001,0.7267227327726723,magaware_platt,0.12717523882823722,0.40640432392666703,0.010205663054306386,0.8247617523824762,0.8853501517847796,0.13828919086628255,0.0880327067928253,0.4426999367277419,-0.011113952038045327,-0.07782704373851891,-0.03629561280107485
mag,2,-0.6219603419303894,-0.2605365782976149,-0.44124846011400215,100001,0.7267227327726723,magbinned_beta,0.1271238560513616,0.40624614819149096,0.008598518784068209,0.8247917520824791,0.8854888992006902,0.13828919086628255,0.0880327067928253,0.4426999367277419,-0.011165334814920963,-0.07943418800875708,-0.03645378853625092
mag,2,-0.6219603419303894,-0.2605365782976149,-0.44124846011400215,100001,0.7267227327726723,magbinned_isotonic,0.127144773002561,0.40743000743788854,0.00618959061154709,0.8247517524824751,0.8855824035203406,0.13828919086628255,0.0880327067928253,0.4426999367277419,-0.011144417863721556,-0.08184311618127821,-0.03526992928985334
mag,3,-0.2605365782976149,-0.006221523508429527,-0.1333790509030222,99999,0.5075950759507595,uncalibrated,0.1874970301125597,0.5534199240227737,0.12213701374959376,0.7126571265712657,0.7653371226969816,0.1874970301125597,0.12213701374959376,0.5534199240227737,0.0,0.0,0.0
mag,3,-0.2605365782976149,-0.006221523508429527,-0.1333790509030222,99999,0.5075950759507595,beta,0.17006218806563672,0.5072585120152414,0.007261300633167727,0.7422674226742267,0.7506554569817052,0.1874970301125597,0.12213701374959376,0.5534199240227737,-0.01743484204692297,-0.11487571311642604,-0.04616141200753232
mag,3,-0.2605365782976149,-0.006221523508429527,-0.1333790509030222,99999,0.5075950759507595,isotonic,0.17005880491886555,0.5073084152763814,0.005907581333590666,0.7419774197741977,0.7531759393893013,0.1874970301125597,0.12213701374959376,0.5534199240227737,-0.017438225193694146,-0.1162294324160031,-0.04611150874639236
mag,3,-0.2605365782976149,-0.006221523508429527,-0.1333790509030222,99999,0.5075950759507595,magaware_platt,0.1701802007873258,0.5075507593096397,0.011862242091898883,0.7420674206742067,0.7485351610104221,0.1874970301125597,0.12213701374959376,0.5534199240227737,-0.0173168293252339,-0.11027477165769488,-0.04586916471313407
mag,3,-0.2605365782976149,-0.006221523508429527,-0.1333790509030222,99999,0.5075950759507595,magbinned_beta,0.17001495042314527,0.5071827951649702,0.005528651443116474,0.7419974199741998,0.7518610421836228,0.1874970301125597,0.12213701374959376,0.5534199240227737,-0.017482079689414426,-0.1166083623064773,-0.04623712885780351
mag,3,-0.2605365782976149,-0.006221523508429527,-0.1333790509030222,99999,0.5075950759507595,magbinned_isotonic,0.17007530526869977,0.5072900716135993,0.006581601350306381,0.7418874188741887,0.7483400446554801,0.1874970301125597,0.12213701374959376,0.5534199240227737,-0.017421724843859926,-0.11555541239928738,-0.04612985240917444
mag,4,-0.006221523508429527,0.19298875331878662,0.09338361490517855,100000,0.28233,uncalibrated,0.1597542456645767,0.4780732771895721,0.11722945114109405,0.75366,0.6252700112568074,0.1597542456645767,0.11722945114109405,0.4780732771895721,0.0,0.0,0.0
mag,4,-0.006221523508429527,0.19298875331878662,0.09338361490517855,100000,0.28233,beta,0.1430603352767495,0.43511781314036635,0.009056413768646361,0.78781,0.5447641114758319,0.1597542456645767,0.11722945114109405,0.4780732771895721,-0.016693910387827193,-0.10817303737244768,-0.04295546404920575
mag,4,-0.006221523508429527,0.19298875331878662,0.09338361490517855,100000,0.28233,isotonic,0.14309506305747421,0.4352931384981486,0.0065480950215924885,0.788,0.5539659162634126,0.1597542456645767,0.11722945114109405,0.4780732771895721,-0.016659182607102474,-0.11068135611950156,-0.0427801386914235
mag,4,-0.006221523508429527,0.19298875331878662,0.09338361490517855,100000,0.28233,magaware_platt,0.14313682326516028,0.4353082940883684,0.011229391078425598,0.78756,0.5408886583679114,0.1597542456645767,0.11722945114109405,0.4780732771895721,-0.01661742239941641,-0.10600006006266846,-0.04276498310120369
mag,4,-0.006221523508429527,0.19298875331878662,0.09338361490517855,100000,0.28233,magbinned_beta,0.14298070802217136,0.43493368276921623,0.00647611979973574,0.78704,0.5577705789517402,0.1597542456645767,0.11722945114109405,0.4780732771895721,-0.01677353764240533,-0.11075333134135831,-0.043139594420355865
mag,4,-0.006221523508429527,0.19298875331878662,0.09338361490517855,100000,0.28233,magbinned_isotonic,0.14314671672265386,0.4356979704883368,0.006805677423940294,0.78669,0.5742570305171347,0.1597542456645767,0.11722945114109405,0.4780732771895721,-0.016607528941922828,-0.11042377371715376,-0.042375306701235294
mag,5,0.19298875331878662,0.36840001344680806,0.28069438338279734,100001,0.13689863101368988,uncalibrated,0.0969151297336189,0.31813668368474357,0.08899005150429912,0.8713612863871362,0.5143461189972818,0.0969151297336189,0.08899005150429912,0.31813668368474357,0.0,0.0,0.0
mag,5,0.19298875331878662,0.36840001344680806,0.28069438338279734,100001,0.13689863101368988,beta,0.08586585479723646,0.2829005458796881,0.006503244105909749,0.8836111638883611,0.39193354579175593,0.0969151297336189,0.08899005150429912,0.31813668368474357,-0.011049274936382442,-0.08248680739838937,-0.03523613780505547
mag,5,0.19298875331878662,0.36840001344680806,0.28069438338279734,100001,0.13689863101368988,isotonic,0.08583649918448066,0.28278769447705615,0.003981921281837026,0.8837711622883772,0.40072183552461976,0.0969151297336189,0.08899005150429912,0.31813668368474357,-0.01107863054913824,-0.08500813022246209,-0.03534898920768742
mag,5,0.19298875331878662,0.36840001344680806,0.28069438338279734,100001,0.13689863101368988,magaware_platt,0.08589726871811933,0.28304290293218765,0.008068995417576334,0.8836311636883631,0.39057344854674,0.0969151297336189,0.08899005150429912,0.31813668368474357,-0.011017861015499578,-0.08092105608672279,-0.035093780752555925
mag,5,0.19298875331878662,0.36840001344680806,0.28069438338279734,100001,0.13689863101368988,magbinned_beta,0.08588102833085505,0.2829142544959889,0.00625233781527281,0.8836111638883611,0.3956591723350122,0.0969151297336189,0.08899005150429912,0.31813668368474357,-0.011034101402763855,-0.08273771368902631,-0.03522242918875468
mag,5,0.19298875331878662,0.36840001344680806,0.28069438338279734,100001,0.13689863101368988,magbinned_isotonic,0.08592900752181407,0.28530838374340695,0.005881508209323997,0.8837111628883711,0.3994215772349326,0.0969151297336189,0.08899005150429912,0.31813668368474357,-0.010986122211804838,-0.08310854329497512,-0.032828299941336625
mag,6,0.36840001344680806,0.5480600357055665,0.4582300245761873,100000,0.06336,uncalibrated,0.050005668332001305,0.18589404951875532,0.05840698433982597,0.9397,0.4516187704619862,0.050005668332001305,0.05840698433982597,0.18589404951875532,0.0,0.0,0.0
mag,6,0.36840001344680806,0.5480600357055665,0.4582300245761873,100000,0.06336,beta,0.04386337838749731,0.1604098734667084,0.004062453831227179,0.94494,0.3630263766774641,0.050005668332001305,0.05840698433982597,0.18589404951875532,-0.006142289944503998,-0.05434453050859879,-0.02548417605204692
mag,6,0.36840001344680806,0.5480600357055665,0.4582300245761873,100000,0.06336,isotonic,0.04386638567742662,0.16035001771870303,0.00300889997844606,0.94505,0.373931867380654,0.050005668332001305,0.05840698433982597,0.18589404951875532,-0.006139282654574682,-0.055398084361379905,-0.025544031800052297
mag,6,0.36840001344680806,0.5480600357055665,0.4582300245761873,100000,0.06336,magaware_platt,0.043875387894496735,0.1605949140765454,0.005352935692067326,0.94495,0.36380446088061946,0.050005668332001305,0.05840698433982597,0.18589404951875532,-0.006130280437504569,-0.053054048647758645,-0.025299135442209936
mag,6,0.36840001344680806,0.5480600357055665,0.4582300245761873,100000,0.06336,magbinned_beta,0.04384900441890293,0.16029942964533148,0.0024965409852077867,0.94498,0.36816720257234725,0.050005668332001305,0.05840698433982597,0.18589404951875532,-0.006156663913098374,-0.05591044335461818,-0.025594619873423846
mag,6,0.36840001344680806,0.5480600357055665,0.4582300245761873,100000,0.06336,magbinned_isotonic,0.04384558382155317,0.16055314654414754,0.0024475157321919637,0.9449,0.3854561677448137,0.050005668332001305,0.05840698433982597,0.18589404951875532,-0.006160084510448131,-0.055959468607634004,-0.025340902974607782
mag,7,0.5480600357055665,0.7323855638504029,0.6402227997779847,100000,0.02767,uncalibrated,0.022564455243009634,0.09546292339098021,0.03068680208732252,0.97326,0.43894250944187996,0.022564455243009634,0.03068680208732252,0.09546292339098021,0.0,0.0,0.0
mag,7,0.5480600357055665,0.7323855638504029,0.6402227997779847,100000,0.02767,beta,0.020133868330793364,0.0815410304348085,0.0025967816393770633,0.97509,0.3039955294775077,0.022564455243009634,0.03068680208732252,0.09546292339098021,-0.0024305869122162697,-0.028090020447945455,-0.013921892956171716
mag,7,0.5480600357055665,0.7323855638504029,0.6402227997779847,100000,0.02767,isotonic,0.020118405389513455,0.08138262105832433,0.002235513758989464,0.97506,0.3125689084895259,0.022564455243009634,0.03068680208732252,0.09546292339098021,-0.0024460498534961787,-0.028451288328333057,-0.014080302332655878
mag,7,0.5480600357055665,0.7323855638504029,0.6402227997779847,100000,0.02767,magaware_platt,0.02014066381427041,0.08170582586039472,0.0038287359559005573,0.97508,0.305849582172702,0.022564455243009634,0.03068680208732252,0.09546292339098021,-0.0024237914287392227,-0.026858066131421963,-0.013757097530585488
mag,7,0.5480600357055665,0.7323855638504029,0.6402227997779847,100000,0.02767,magbinned_beta,0.020137042363087384,0.08150182072515891,0.0020475776865831723,0.97512,0.30033745781777277,0.022564455243009634,0.03068680208732252,0.09546292339098021,-0.00242741287992225,-0.02863922440073935,-0.013961102665821304
mag,7,0.5480600357055665,0.7323855638504029,0.6402227997779847,100000,0.02767,magbinned_isotonic,0.02015611301820302,0.0842363127460112,0.0015825226225700266,0.97515,0.3475977946967708,0.022564455243009634,0.03068680208732252,0.09546292339098021,-0.002408342224806615,-0.029104279464752494,-0.011226610644969007
mag,8,0.7323855638504029,0.9382651329040523,0.8353253483772276,100000,0.01297,uncalibrated,0.011461581135053618,0.05313076751711184,0.015036047032013748,0.98656,0.30362694300518134,0.011461581135053618,0.015036047032013748,0.05313076751711184,0.0,0.0,0.0
mag,8,0.7323855638504029,0.9382651329040523,0.8353253483772276,100000,0.01297,beta,0.010488665952966734,0.04677690113045448,0.0014070986228314983,0.98735,0.13533834586466165,0.011461581135053618,0.015036047032013748,0.05313076751711184,-0.0009729151820868833,-0.013628948409182249,-0.006353866386657359
mag,8,0.7323855638504029,0.9382651329040523,0.8353253483772276,100000,0.01297,isotonic,0.010487040788633663,0.04691451077087535,0.0009905579624657436,0.98737,0.14719783929777178,0.011461581135053618,0.015036047032013748,0.05313076751711184,-0.0009745403464199547,-0.014045489069548004,-0.006216256746236493
mag,8,0.7323855638504029,0.9382651329040523,0.8353253483772276,100000,0.01297,magaware_platt,0.010491258512104583,0.046735467593633805,0.001386972549608259,0.98735,0.13769597818677573,0.011461581135053618,0.015036047032013748,0.05313076751711184,-0.0009703226229490353,-0.01364907448240549,-0.006395299923478037
mag,8,0.7323855638504029,0.9382651329040523,0.8353253483772276,100000,0.01297,magbinned_beta,0.010501954785622158,0.04676078005145958,0.0010973470309885284,0.98732,0.10829817158931083,0.011461581135053618,0.015036047032013748,0.05313076751711184,-0.0009596263494314593,-0.01393870000102522,-0.00636998746565226
mag,8,0.7323855638504029,0.9382651329040523,0.8353253483772276,100000,0.01297,magbinned_isotonic,0.010487130653313997,0.04689483099650315,0.00047078680106360873,0.98732,0.09428571428571429,0.011461581135053618,0.015036047032013748,0.05313076751711184,-0.0009744504817396204,-0.01456526023095014,-0.0062359365206086925
mag,9,0.9382651329040523,9.392659187316895,5.165462160110473,100000,0.00846,uncalibrated,0.00826377195595415,0.039096348992501126,0.011745166762641883,0.99125,0.18452935694315004,0.00826377195595415,0.011745166762641883,0.039096348992501126,0.0,0.0,0.0
mag,9,0.9382651329040523,9.392659187316895,5.165462160110473,100000,0.00846,beta,0.007311758355001415,0.03387127480226321,0.0011576172911003262,0.99168,0.08370044052863436,0.00826377195595415,0.011745166762641883,0.039096348992501126,-0.0009520136009527353,-0.010587549471541557,-0.005225074190237919
mag,9,0.9382651329040523,9.392659187316895,5.165462160110473,100000,0.00846,isotonic,0.007305965681735522,0.03377003886579247,0.0008820494459597928,0.99171,0.09200438116100766,0.00826377195595415,0.011745166762641883,0.039096348992501126,-0.0009578062742186281,-0.01086311731668209,-0.005326310126708658
mag,9,0.9382651329040523,9.392659187316895,5.165462160110473,100000,0.00846,magaware_platt,0.007321962824355608,0.03387885754997437,0.0012570322165230412,0.9917,0.08791208791208792,0.00826377195595415,0.011745166762641883,0.039096348992501126,-0.0009418091315985429,-0.010488134546118843,-0.005217491442526756
mag,9,0.9382651329040523,9.392659187316895,5.165462160110473,100000,0.00846,magbinned_beta,0.0073122101494663945,0.033781528631135,0.001128148061605408,0.99161,0.058361391694725026,0.00826377195595415,0.011745166762641883,0.039096348992501126,-0.000951561806487756,-0.010617018701036474,-0.005314820361366129
mag,9,0.9382651329040523,9.392659187316895,5.165462160110473,100000,0.00846,magbinned_isotonic,0.007299704141329162,0.03386096281521637,0.0008619756628696597,0.99157,0.043132803632236094,0.00826377195595415,0.011745166762641883,0.039096348992501126,-0.0009640678146249889,-0.010883191099772224,-0.005235386177284758
FWHM_WMEAN_I,0,-4.28941011428833,-1.2157548666000366,-2.7525824904441833,99992,0.3348967917433395,uncalibrated,0.07559052547289052,0.2508613667475605,0.05647382193577722,0.8951616129290343,0.8536731759746514,0.07559052547289052,0.05647382193577722,0.2508613667475605,0.0,0.0,0.0
FWHM_WMEAN_I,0,-4.28941011428833,-1.2157548666000366,-2.7525824904441833,99992,0.3348967917433395,beta,0.06909391924215641,0.22917281973486883,0.005430993912710317,0.9045423633890711,0.8553941248655446,0.07559052547289052,0.05647382193577722,0.2508613667475605,-0.006496606230734114,-0.0510428280230669,-0.021688547012691656
FWHM_WMEAN_I,0,-4.28941011428833,-1.2157548666000366,-2.7525824904441833,99992,0.3348967917433395,isotonic,0.06906229435213691,0.2292785222811715,0.004310032138030869,0.9046323705896472,0.8561906198160156,0.07559052547289052,0.05647382193577722,0.2508613667475605,-0.006528231120753611,-0.05216378979774635,-0.021582844466389
FWHM_WMEAN_I,0,-4.28941011428833,-1.2157548666000366,-2.7525824904441833,99992,0.3348967917433395,magaware_platt,0.0690889578887191,0.22906294420182877,0.006229216118073532,0.9045223617889431,0.8549418825495708,0.07559052547289052,0.05647382193577722,0.2508613667475605,-0.006501567584171419,-0.05024460581770369,-0.02179842254573172
FWHM_WMEAN_I,0,-4.28941011428833,-1.2157548666000366,-2.7525824904441833,99992,0.3348967917433395,magbinned_beta,0.06901267287534513,0.22890226587781598,0.004823032217096369,0.9045923673893912,0.8557299700571636,0.07559052547289052,0.05647382193577722,0.2508613667475605,-0.006577852597545397,-0.05165078971868085,-0.021959100869744508
FWHM_WMEAN_I,0,-4.28941011428833,-1.2157548666000366,-2.7525824904441833,99992,0.3348967917433395,magbinned_isotonic,0.0690232332160861,0.2299360236838309,0.004258669774559218,0.9046023681894552,0.8561388691993304,0.07559052547289052,0.05647382193577722,0.2508613667475605,-0.006567292256804427,-0.052215152161218005,-0.02092534306372959
FWHM_WMEAN_I,1,-1.2157548666000366,-0.8456176519393921,-1.0306862592697144,100003,0.3491095267141986,uncalibrated,0.08058397695571308,0.266048201980525,0.062488960048642433,0.888203353899383,0.8515153929928015,0.08058397695571308,0.062488960048642433,0.266048201980525,0.0,0.0,0.0
FWHM_WMEAN_I,1,-1.2157548666000366,-0.8456176519393921,-1.0306862592697144,100003,0.3491095267141986,beta,0.07288203191822706,0.2407256473103991,0.004575520129962068,0.8982230533084008,0.8526507803225526,0.08058397695571308,0.062488960048642433,0.266048201980525,-0.007701945037486016,-0.057913439918680365,-0.02532255467012587
FWHM_WMEAN_I,1,-1.2157548666000366,-0.8456176519393921,-1.0306862592697144,100003,0.3491095267141986,isotonic,0.07283729387034107,0.24088176321819071,0.002630527328462502,0.8986530404087877,0.8540067126661961,0.08058397695571308,0.062488960048642433,0.266048201980525,-0.007746683085372005,-0.05985843272017993,-0.025166438762334264
FWHM_WMEAN_I,1,-1.2157548666000366,-0.8456176519393921,-1.0306862592697144,100003,0.3491095267141986,magaware_platt,0.07289329341401558,0.24069664209417363,0.006103412185012969,0.8986030419087427,0.8527361449982572,0.08058397695571308,0.062488960048642433,0.266048201980525,-0.007690683541697496,-0.05638554786362947,-0.02535155988635135
FWHM_WMEAN_I,1,-1.2157548666000366,-0.8456176519393921,-1.0306862592697144,100003,0.3491095267141986,magbinned_beta,0.07284661636891199,0.24053186361088402,0.0036850282124962345,0.8984830455086348,0.8532566274464456,0.08058397695571308,0.062488960048642433,0.266048201980525,-0.0077373605868010925,-0.0588039318361462,-0.025516338369640956
FWHM_WMEAN_I,1,-1.2157548666000366,-0.8456176519393921,-1.0306862592697144,100003,0.3491095267141986,magbinned_isotonic,0.07280689330382185,0.24166105610589955,0.0028683714849305625,0.8987930362089137,0.8542335776936039,0.08058397695571308,0.062488960048642433,0.266048201980525,-0.007777083651891226,-0.05962058856371187,-0.024387145874625427
FWHM_WMEAN_I,2,-0.8456176519393921,-0.5627645254135132,-0.7041910886764526,99999,0.34556345563455637,uncalibrated,0.079741290442627,0.26279365036033825,0.06160817017393023,0.8879188791887919,0.8497305124286059,0.079741290442627,0.06160817017393023,0.26279365036033825,0.0,0.0,0.0
FWHM_WMEAN_I,2,-0.8456176519393921,-0.5627645254135132,-0.7041910886764526,99999,0.34556345563455637,beta,0.07217424774321059,0.23799717997591446,0.004438491227115333,0.9005690056900569,0.8544834550483689,0.079741290442627,0.06160817017393023,0.26279365036033825,-0.00756704269941641,-0.05716967894681489,-0.024796470384423785
FWHM_WMEAN_I,2,-0.8456176519393921,-0.5627645254135132,-0.7041910886764526,99999,0.34556345563455637,isotonic,0.07218311739229454,0.2380168707016349,0.004207477276823678,0.9004890048900489,0.8550874484847603,0.079741290442627,0.06160817017393023,0.26279365036033825,-0.007558173050332462,-0.05740069289710655,-0.02477677965870334
FWHM_WMEAN_I,2,-0.8456176519393921,-0.5627645254135132,-0.7041910886764526,99999,0.34556345563455637,magaware_platt,0.0721599610778167,0.23798042450016493,0.005891125769898902,0.9004590045900459,0.8538240131578947,0.079741290442627,0.06160817017393023,0.26279365036033825,-0.007581329364810291,-0.05571704440403133,-0.024813225860173316
FWHM_WMEAN_I,2,-0.8456176519393921,-0.5627645254135132,-0.7041910886764526,99999,0.34556345563455637,magbinned_beta,0.0721336124962456,0.23786806656789947,0.003911515173336488,0.9002490024900249,0.8542753210325634,0.079741290442627,0.06160817017393023,0.26279365036033825,-0.007607677946381397,-0.05769665500059374,-0.024925583792438782
FWHM_WMEAN_I,2,-0.8456176519393921,-0.5627645254135132,-0.7041910886764526,99999,0.34556345563455637,magbinned_isotonic,0.0721786674756514,0.2394507694689391,0.003660915911789468,0.8999589995899959,0.8542880447448147,0.079741290442627,0.06160817017393023,0.26279365036033825,-0.007562622966975602,-0.05794725426214076,-0.02334288089139916
FWHM_WMEAN_I,3,-0.5627645254135132,-0.31082335114479065,-0.4367939382791519,99997,0.3400002000060002,uncalibrated,0.07989154378874999,0.2639793722040952,0.06203808330007442,0.889346680400412,0.8491335233082912,0.07989154378874999,0.06203808330007442,0.2639793722040952,0.0,0.0,0.0
FWHM_WMEAN_I,3,-0.5627645254135132,-0.31082335114479065,-0.4367939382791519,99997,0.3400002000060002,beta,0.07212113824206375,0.23889616149662396,0.004225319591322359,0.9003770113103393,0.8518661710037174,0.07989154378874999,0.06203808330007442,0.2639793722040952,-0.007770405546686246,-0.05781276370875206,-0.025083210707471215
FWHM_WMEAN_I,3,-0.5627645254135132,-0.31082335114479065,-0.4367939382791519,99997,0.3400002000060002,isotonic,0.07210842711832491,0.23876357666394923,0.003514871622881611,0.9006070182105463,0.8529842467273131,0.07989154378874999,0.06203808330007442,0.2639793722040952,-0.007783116670425083,-0.05852321167719281,-0.02521579554014594
FWHM_WMEAN_I,3,-0.5627645254135132,-0.31082335114479065,-0.4367939382791519,99997,0.3400002000060002,magaware_platt,0.07211423393444995,0.2388971131848231,0.004973619784313102,0.9003270098102943,0.8513253479318009,0.07989154378874999,0.06203808330007442,0.2639793722040952,-0.0077773098543000435,-0.05706446351576132,-0.02508225901927208
FWHM_WMEAN_I,3,-0.5627645254135132,-0.31082335114479065,-0.4367939382791519,99997,0.3400002000060002,magbinned_beta,0.07209425948208222,0.23876143967336091,0.003030226483774784,0.9005570167105014,0.8524453941120608,0.07989154378874999,0.06203808330007442,0.2639793722040952,-0.007797284306667776,-0.059007856816299636,-0.02521793253073426
FWHM_WMEAN_I,3,-0.5627645254135132,-0.31082335114479065,-0.4367939382791519,99997,0.3400002000060002,magbinned_isotonic,0.07218187893076364,0.23941989316342407,0.003628274740219016,0.9000370011100333,0.8520951704545454,0.07989154378874999,0.06203808330007442,0.2639793722040952,-0.007709664857986354,-0.0584098085598554,-0.0245594790406711
FWHM_WMEAN_I,4,-0.31082335114479065,-0.06873819977045059,-0.18978077545762062,100009,0.3412792848643622,uncalibrated,0.0780513666982708,0.25848796086223763,0.0599686963904621,0.891609755122039,0.8523723920030506,0.0780513666982708,0.0599686963904621,0.25848796086223763,0.0,0.0,0.0
FWHM_WMEAN_I,4,-0.31082335114479065,-0.06873819977045059,-0.18978077545762062,100009,0.3412792848643622,beta,0.07094005627527587,0.2347288947255968,0.005531372877073222,0.9021088102070813,0.8544973544973545,0.0780513666982708,0.0599686963904621,0.25848796086223763,-0.0071113104229949264,-0.05443732351338888,-0.023759066136640833
FWHM_WMEAN_I,4,-0.31082335114479065,-0.06873819977045059,-0.18978077545762062,100009,0.3412792848643622,isotonic,0.07092743379914229,0.23464769632858132,0.0045231774518281025,0.9019588237058664,0.8550221052475936,0.0780513666982708,0.0599686963904621,0.25848796086223763,-0.007123932899128507,-0.055445518938634,-0.023840264533656313
FWHM_WMEAN_I,4,-0.31082335114479065,-0.06873819977045059,-0.18978077545762062,100009,0.3412792848643622,magaware_platt,0.0709340522459384,0.2346999113157799,0.006519127999060329,0.9022487976082153,0.8542418368868346,0.0780513666982708,0.0599686963904621,0.25848796086223763,-0.007117314452332393,-0.053449568391401775,-0.023788049546457718
FWHM_WMEAN_I,4,-0.31082335114479065,-0.06873819977045059,-0.18978077545762062,100009,0.3412792848643622,magbinned_beta,0.07089067199930017,0.2345450061231957,0.005234671917402475,0.9020488156065954,0.854611297456143,0.0780513666982708,0.0599686963904621,0.25848796086223763,-0.007160694698970627,-0.054734024473059625,-0.023942954739041927
FWHM_WMEAN_I,4,-0.31082335114479065,-0.06873819977045059,-0.18978077545762062,100009,0.3412792848643622,magbinned_isotonic,0.07094464565837233,0.23597130649680462,0.00403652115760777,0.9021688048075673,0.8551677176777097,0.0780513666982708,0.0599686963904621,0.25848796086223763,-0.00710672103989847,-0.055932175232854334,-0.022516654365433014
FWHM_WMEAN_I,5,-0.06873819977045059,0.18244241178035736,0.056852106004953384,99980,0.3348269653930786,uncalibrated,0.07752701318560735,0.2565291538262619,0.06212904727054662,0.8926185237047409,0.8517372811136276,0.07752701318560735,0.06212904727054662,0.2565291538262619,0.0,0.0,0.0
FWHM_WMEAN_I,5,-0.06873819977045059,0.18244241178035736,0.056852106004953384,99980,0.3348269653930786,beta,0.06955159201806115,0.23086790157524037,0.004091786150960162,0.9034906981396279,0.8544491876970419,0.07752701318560735,0.06212904727054662,0.2565291538262619,-0.00797542116754621,-0.05803726111958646,-0.025661252251021532
FWHM_WMEAN_I,5,-0.06873819977045059,0.18244241178035736,0.056852106004953384,99980,0.3348269653930786,isotonic,0.06956368470934272,0.2308382055245847,0.0036354942400834713,0.9034706941388277,0.8551618567376525,0.07752701318560735,0.06212904727054662,0.2565291538262619,-0.00796332847626463,-0.05849355303046315,-0.025690948301677202
FWHM_WMEAN_I,5,-0.06873819977045059,0.18244241178035736,0.056852106004953384,99980,0.3348269653930786,magaware_platt,0.06952678899268303,0.23080297932435087,0.005196902596164391,0.9033006601320264,0.8537234847338638,0.07752701318560735,0.06212904727054662,0.2565291538262619,-0.00800022419292433,-0.05693214467438223,-0.02572617450191103
FWHM_WMEAN_I,5,-0.06873819977045059,0.18244241178035736,0.056852106004953384,99980,0.3348269653930786,magbinned_beta,0.06953628574758705,0.23078628475215596,0.0046077921364724335,0.9032706541308262,0.8543414413735974,0.07752701318560735,0.06212904727054662,0.2565291538262619,-0.007990727438020304,-0.05752125513407419,-0.025742869074105945
FWHM_WMEAN_I,5,-0.06873819977045059,0.18244241178035736,0.056852106004953384,99980,0.3348269653930786,magbinned_isotonic,0.0695553670959655,0.23141340917569497,0.003847983075730597,0.9031906381276256,0.8546718517739974,0.07752701318560735,0.06212904727054662,0.2565291538262619,-0.007971646089641848,-0.058281064194816025,-0.02511574465056693
FWHM_WMEAN_I,6,0.18244241178035736,0.4629291594028473,0.3226857855916023,100019,0.335616232915746,uncalibrated,0.0780404341741022,0.2583951432028792,0.05961635401718963,0.8923404553134905,0.8508215344545732,0.0780404341741022,0.05961635401718963,0.2583951432028792,0.0,0.0,0.0
FWHM_WMEAN_I,6,0.18244241178035736,0.4629291594028473,0.3226857855916023,100019,0.335616232915746,beta,0.07103694132954955,0.23482789441085375,0.004716250055347363,0.901588698147352,0.851271512972001,0.0780404341741022,0.05961635401718963,0.2583951432028792,-0.00700349284455265,-0.054900103961842264,-0.023567248792025458
FWHM_WMEAN_I,6,0.18244241178035736,0.4629291594028473,0.3226857855916023,100019,0.335616232915746,isotonic,0.07101143822845815,0.23471645184018733,0.0025903039059466367,0.9017086753516832,0.852065307350839,0.0780404341741022,0.05961635401718963,0.2583951432028792,-0.007028995945644045,-0.05702605011124299,-0.023678691362691878
FWHM_WMEAN_I,6,0.18244241178035736,0.4629291594028473,0.3226857855916023,100019,0.335616232915746,magaware_platt,0.07105262366232895,0.23487154985560368,0.006136555104673076,0.9017586658534879,0.8510625397884015,0.0780404341741022,0.05961635401718963,0.2583951432028792,-0.006987810511773246,-0.05347979891251655,-0.023523593347275523
FWHM_WMEAN_I,6,0.18244241178035736,0.4629291594028473,0.3226857855916023,100019,0.335616232915746,magbinned_beta,0.07102371530222158,0.2348007986692121,0.0036136275213171126,0.9015287095451864,0.851324628273832,0.0780404341741022,0.05961635401718963,0.2583951432028792,-0.0070167188718806145,-0.05600272649587251,-0.0235943445336671
FWHM_WMEAN_I,6,0.18244241178035736,0.4629291594028473,0.3226857855916023,100019,0.335616232915746,magbinned_isotonic,0.07108675118539565,0.23570456963305228,0.003702321284284972,0.9015387076455473,0.8517581888246628,0.0780404341741022,0.05961635401718963,0.2583951432028792,-0.00695368298870655,-0.055914032732904656,-0.022690573569826927
FWHM_WMEAN_I,7,0.4629291594028473,0.8054577112197876,0.6341934353113174,99997,0.3288898666960009,uncalibrated,0.07846252623346078,0.25915750995294634,0.06032699350780159,0.8912167365020951,0.8463472512571332,0.07846252623346078,0.06032699350780159,0.25915750995294634,0.0,0.0,0.0
FWHM_WMEAN_I,7,0.4629291594028473,0.8054577112197876,0.6341934353113174,99997,0.3288898666960009,beta,0.07126521410887715,0.23485727654153285,0.004761948824583209,0.9009970299108974,0.8475093188749576,0.07846252623346078,0.06032699350780159,0.25915750995294634,-0.0071973121245836325,-0.05556504468321838,-0.02430023341141349
FWHM_WMEAN_I,7,0.4629291594028473,0.8054577112197876,0.6341934353113174,99997,0.3288898666960009,isotonic,0.07125227139987456,0.23482879889767003,0.004494278530221671,0.9006670200106003,0.8477537820149288,0.07846252623346078,0.06032699350780159,0.25915750995294634,-0.007210254833586227,-0.05583271497757992,-0.024328711055276314
FWHM_WMEAN_I,7,0.4629291594028473,0.8054577112197876,0.6341934353113174,99997,0.3288898666960009,magaware_platt,0.07128060453134018,0.2349407638246438,0.006585314785864513,0.9009770293108793,0.8469551777434312,0.07846252623346078,0.06032699350780159,0.25915750995294634,-0.0071819217021206055,-0.053741678721937074,-0.024216746128302546
FWHM_WMEAN_I,7,0.4629291594028473,0.8054577112197876,0.6341934353113174,99997,0.3288898666960009,magbinned_beta,0.07125104802593198,0.2347930560482585,0.004609068636798502,0.9003670110103303,0.8467490117057114,0.07846252623346078,0.06032699350780159,0.25915750995294634,-0.007211478207528807,-0.055717924871003084,-0.024364453904687833
FWHM_WMEAN_I,7,0.4629291594028473,0.8054577112197876,0.6341934353113174,99997,0.3288898666960009,magbinned_isotonic,0.07121625196767481,0.23518008587033185,0.004015356558858194,0.9007870236107083,0.8477650416609124,0.07846252623346078,0.06032699350780159,0.25915750995294634,-0.0072462742657859736,-0.056311636948943394,-0.023977424082614496
FWHM_WMEAN_I,8,0.8054577112197876,1.3125227808952324,1.05899024605751,100004,0.3251769929202832,uncalibrated,0.07835070653003554,0.2584602390908386,0.06039252929069308,0.890954361825527,0.8444254226407019,0.07835070653003554,0.06039252929069308,0.2584602390908386,0.0,0.0,0.0
FWHM_WMEAN_I,8,0.8054577112197876,1.3125227808952324,1.05899024605751,100004,0.3251769929202832,beta,0.07098726040847832,0.23411289155050904,0.004983399838247379,0.9015039398424063,0.8466018812682987,0.07835070653003554,0.06039252929069308,0.2584602390908386,-0.007363446121557218,-0.0554091294524457,-0.02434734754032955
FWHM_WMEAN_I,8,0.8054577112197876,1.3125227808952324,1.05899024605751,100004,0.3251769929202832,isotonic,0.0709944766717095,0.23414802671710291,0.003827337277798644,0.9013539458421663,0.8471419495793111,0.07835070653003554,0.06039252929069308,0.2584602390908386,-0.007356229858326041,-0.056565192012894436,-0.02431221237373568
FWHM_WMEAN_I,8,0.8054577112197876,1.3125227808952324,1.05899024605751,100004,0.3251769929202832,magaware_platt,0.07098102557785835,0.2341579989306673,0.005524022345807183,0.9012839486420543,0.8456873104698784,0.07835070653003554,0.06039252929069308,0.2584602390908386,-0.007369680952177188,-0.054868506944885896,-0.024302240160171296
FWHM_WMEAN_I,8,0.8054577112197876,1.3125227808952324,1.05899024605751,100004,0.3251769929202832,magbinned_beta,0.0709757111929421,0.23401223654344586,0.0045222997756623196,0.9011739530418783,0.846305771114878,0.07835070653003554,0.06039252929069308,0.2584602390908386,-0.007374995337093432,-0.05587022951503076,-0.02444800254739274
FWHM_WMEAN_I,8,0.8054577112197876,1.3125227808952324,1.05899024605751,100004,0.3251769929202832,magbinned_isotonic,0.07102672507123155,0.2341515452323197,0.004347992931816305,0.9011039558417663,0.8465334243684439,0.07835070653003554,0.06039252929069308,0.2584602390908386,-0.007323981458803988,-0.056044536358876774,-0.024308693858518887
FWHM_WMEAN_I,9,1.3125227808952324,7.523129940032959,4.417826360464096,100000,0.30298,uncalibrated,0.07356134051715,0.24429433384611227,0.057052905062790135,0.89866,0.8446515620688598,0.07356134051715,0.057052905062790135,0.24429433384611227,0.0,0.0,0.0
FWHM_WMEAN_I,9,1.3125227808952324,7.523129940032959,4.417826360464096,100000,0.30298,beta,0.06680701057419872,0.22132182265206782,0.004764693422404172,0.90752,0.8450246338438852,0.07356134051715,0.057052905062790135,0.24429433384611227,-0.00675432994295129,-0.05228821164038596,-0.022972511194044448
FWHM_WMEAN_I,9,1.3125227808952324,7.523129940032959,4.417826360464096,100000,0.30298,isotonic,0.06679974154329249,0.22146497174459082,0.003246231002989039,0.90769,0.8461012654007102,0.07356134051715,0.057052905062790135,0.24429433384611227,-0.006761598973857516,-0.05380667405980109,-0.02282936210152145
FWHM_WMEAN_I,9,1.3125227808952324,7.523129940032959,4.417826360464096,100000,0.30298,magaware_platt,0.06682211576162911,0.22134074031681025,0.006067747853376785,0.90732,0.8441567176727762,0.07356134051715,0.057052905062790135,0.24429433384611227,-0.006739224755520898,-0.05098515720941335,-0.022953593529302013
FWHM_WMEAN_I,9,1.3125227808952324,7.523129940032959,4.417826360464096,100000,0.30298,magbinned_beta,0.06674238340736843,0.22110595614549156,0.003811501259510891,0.90764,0.8453034972531154,0.07356134051715,0.057052905062790135,0.24429433384611227,-0.006818957109781573,-0.05324140380327924,-0.02318837770062071
FWHM_WMEAN_I,9,1.3125227808952324,7.523129940032959,4.417826360464096,100000,0.30298,magbinned_isotonic,0.06677516691677778,0.22274028439007082,0.00439092428497842,0.90747,0.8452442675319028,0.07356134051715,0.057052905062790135,0.24429433384611227,-0.006786173600372231,-0.052661980777811715,-0.021554049456041446
AIRMASS_WMEAN_I,0,-2.433124303817749,-1.4320324659347534,-1.9325783848762512,99992,0.3179554364349148,uncalibrated,0.07865517561613668,0.2608553037285881,0.06166446517514953,0.8911112889031122,0.8418728941559196,0.07865517561613668,0.06166446517514953,0.2608553037285881,0.0,0.0,0.0
AIRMASS_WMEAN_I,0,-2.433124303817749,-1.4320324659347534,-1.9325783848762512,99992,0.3179554364349148,beta,0.07106776465931774,0.2353675718513244,0.005499520523896047,0.9026122089767181,0.8456490727532097,0.07865517561613668,0.06166446517514953,0.2608553037285881,-0.007587410956818932,-0.05616494465125348,-0.02548773187726372
AIRMASS_WMEAN_I,0,-2.433124303817749,-1.4320324659347534,-1.9325783848762512,99992,0.3179554364349148,isotonic,0.07105668413059524,0.2352865714437704,0.00490868416575029,0.9025822065765261,0.846412184854075,0.07865517561613668,0.06166446517514953,0.2608553037285881,-0.007598491485541439,-0.05675578100939924,-0.025568732284817708
AIRMASS_WMEAN_I,0,-2.433124303817749,-1.4320324659347534,-1.9325783848762512,99992,0.3179554364349148,magaware_platt,0.07106423890684609,0.23536394757711956,0.006166254247440956,0.9026622129770382,0.8451909465413306,0.07865517561613668,0.06166446517514953,0.2608553037285881,-0.007590936709290591,-0.05549821092770857,-0.025491356151468553
AIRMASS_WMEAN_I,0,-2.433124303817749,-1.4320324659347534,-1.9325783848762512,99992,0.3179554364349148,magbinned_beta,0.07105219034873075,0.23524538757600644,0.0045716878036988476,0.9025422033762701,0.8457117525055018,0.07865517561613668,0.06166446517514953,0.2608553037285881,-0.007602985267405923,-0.05709277737145068,-0.02560991615258168
AIRMASS_WMEAN_I,0,-2.433124303817749,-1.4320324659347534,-1.9325783848762512,99992,0.3179554364349148,magbinned_isotonic,0.07106552428345472,0.23615617788286344,0.004921751370435582,0.9025622049763982,0.8462594480299181,0.07865517561613668,0.06166446517514953,0.2608553037285881,-0.007589651332681954,-0.05674271380471395,-0.024699125845724673
AIRMASS_WMEAN_I,1,-1.4320324659347534,-0.9276155233383179,-1.1798239946365356,99999,0.3252632526325263,uncalibrated,0.07730398959591732,0.25628601093164755,0.05813059287205046,0.8929089290892909,0.846810762870671,0.07730398959591732,0.05813059287205046,0.25628601093164755,0.0,0.0,0.0
AIRMASS_WMEAN_I,1,-1.4320324659347534,-0.9276155233383179,-1.1798239946365356,99999,0.3252632526325263,beta,0.0705047652518189,0.23359611431849364,0.0037987560652703823,0.9023190231902319,0.8476606363069246,0.07730398959591732,0.05813059287205046,0.25628601093164755,-0.006799224344098423,-0.05433183680678008,-0.022689896613153904
AIRMASS_WMEAN_I,1,-1.4320324659347534,-0.9276155233383179,-1.1798239946365356,99999,0.3252632526325263,isotonic,0.07050694874895425,0.2335677130755964,0.0038380554874454646,0.9020790207902079,0.8479503105590062,0.07730398959591732,0.05813059287205046,0.25628601093164755,-0.006797040846963073,-0.054292537384604996,-0.022718297856051145
AIRMASS_WMEAN_I,1,-1.4320324659347534,-0.9276155233383179,-1.1798239946365356,99999,0.3252632526325263,magaware_platt,0.07050739329441692,0.23352545902407673,0.005598001223929067,0.9022790227902279,0.8471166181670265,0.07730398959591732,0.05813059287205046,0.25628601093164755,-0.006796596301500396,-0.05253259164812139,-0.022760551907570814
AIRMASS_WMEAN_I,1,-1.4320324659347534,-0.9276155233383179,-1.1798239946365356,99999,0.3252632526325263,magbinned_beta,0.0704811469622459,0.23346224036808108,0.003826305947370174,0.9021490214902149,0.847578547284141,0.07730398959591732,0.05813059287205046,0.25628601093164755,-0.0068228426336714165,-0.054304286924680284,-0.022823770563566464
AIRMASS_WMEAN_I,1,-1.4320324659347534,-0.9276155233383179,-1.1798239946365356,99999,0.3252632526325263,magbinned_isotonic,0.07051288218778812,0.23465538753409376,0.0036164147871925573,0.9020690206902069,0.8478426376221625,0.07730398959591732,0.05813059287205046,0.25628601093164755,-0.006791107408129202,-0.0545141780848579,-0.021630623397553783
AIRMASS_WMEAN_I,2,-0.9276155233383179,-0.5376896858215332,-0.7326526045799255,99984,0.3271023363738198,uncalibrated,0.07785363488851675,0.25756095802900236,0.06124121244066946,0.8927528404544727,0.8479416894737588,0.07785363488851675,0.06124121244066946,0.25756095802900236,0.0,0.0,0.0
AIRMASS_WMEAN_I,2,-0.9276155233383179,-0.5376896858215332,-0.7326526045799255,99984,0.3271023363738198,beta,0.07031463930590105,0.23243351665991963,0.004663107176063222,0.9034645543286925,0.850740729285869,0.07785363488851675,0.06124121244066946,0.25756095802900236,-0.0075389955826156985,-0.05657810526460624,-0.025127441369082737
AIRMASS_WMEAN_I,2,-0.9276155233383179,-0.5376896858215332,-0.7326526045799255,99984,0.3271023363738198,isotonic,0.07030319408869792,0.23244012223670493,0.003393736553151854,0.9032645223235718,0.8511908425133854,0.07785363488851675,0.06124121244066946,0.25756095802900236,-0.007550440799818828,-0.05784747588751761,-0.02512083579229743
AIRMASS_WMEAN_I,2,-0.9276155233383179,-0.5376896858215332,-0.7326526045799255,99984,0.3271023363738198,magaware_platt,0.07031061121635598,0.23248945185301875,0.0055631780763562965,0.9034145463274124,0.8502395980335903,0.07785363488851675,0.06124121244066946,0.25756095802900236,-0.007543023672160767,-0.055678034364313164,-0.02507150617598361
AIRMASS_WMEAN_I,2,-0.9276155233383179,-0.5376896858215332,-0.7326526045799255,99984,0.3271023363738198,magbinned_beta,0.07028859193315826,0.23229746936243897,0.003396041240284684,0.9030244839174267,0.8503518952957155,0.07785363488851675,0.06124121244066946,0.25756095802900236,-0.007565042955358495,-0.05784517120038478,-0.02526348866656339
AIRMASS_WMEAN_I,2,-0.9276155233383179,-0.5376896858215332,-0.7326526045799255,99984,0.3271023363738198,magbinned_isotonic,0.07028476987303896,0.23255020400829307,0.0030707141720594587,0.9033545367258762,0.8511667308432808,0.07785363488851675,0.06124121244066946,0.25756095802900236,-0.007568865015477794,-0.05817049826861,-0.02501075402070929
AIRMASS_WMEAN_I,3,-0.5376896858215332,-0.22670906782150269,-0.38219937682151794,100013,0.3350564426624539,uncalibrated,0.07909325927248526,0.2611073862773307,0.060879156586432635,0.8901342825432694,0.8480431475591205,0.07909325927248526,0.060879156586432635,0.2611073862773307,0.0,0.0,0.0
AIRMASS_WMEAN_I,3,-0.5376896858215332,-0.22670906782150269,-0.38219937682151794,100013,0.3350564426624539,beta,0.07175316879071084,0.23650844314348443,0.005265858152020496,0.8997930269065022,0.848988940119941,0.07909325927248526,0.060879156586432635,0.2611073862773307,-0.0073400904817744195,-0.05561329843441214,-0.02459894313384628
AIRMASS_WMEAN_I,3,-0.5376896858215332,-0.22670906782150269,-0.38219937682151794,100013,0.3350564426624539,isotonic,0.07175391172347315,0.23701901817753682,0.0035282584298122204,0.9000329957105576,0.850086966952558,0.07909325927248526,0.060879156586432635,0.2611073862773307,-0.00733934754901211,-0.057350898156620415,-0.024088368099793894
AIRMASS_WMEAN_I,3,-0.5376896858215332,-0.22670906782150269,-0.38219937682151794,100013,0.3350564426624539,magaware_platt,0.07176463883733428,0.23658688673736888,0.006977098162161523,0.8999430074090369,0.8487203132322484,0.07909325927248526,0.060879156586432635,0.2611073862773307,-0.007328620435150979,-0.053902058424271114,-0.024520499539961826
AIRMASS_WMEAN_I,3,-0.5376896858215332,-0.22670906782150269,-0.38219937682151794,100013,0.3350564426624539,magbinned_beta,0.07173523825756346,0.23636394746147285,0.004515082438621428,0.899833021707178,0.8492445675073738,0.07909325927248526,0.060879156586432635,0.2611073862773307,-0.007358021014921792,-0.05636407414781121,-0.02474343881585786
AIRMASS_WMEAN_I,3,-0.5376896858215332,-0.22670906782150269,-0.38219937682151794,100013,0.3350564426624539,magbinned_isotonic,0.07175158601658628,0.2385927460795485,0.0034001269065964002,0.899833021707178,0.8496563316024852,0.07909325927248526,0.060879156586432635,0.2611073862773307,-0.007341673255898976,-0.05747902967983624,-0.02251464019778221
AIRMASS_WMEAN_I,4,-0.22670906782150269,0.06388076394796371,-0.08141415193676949,99996,0.3309832393295732,uncalibrated,0.07713622196958436,0.25476296141946103,0.05922262548810197,0.8924256970278811,0.8490012493156838,0.07713622196958436,0.05922262548810197,0.25476296141946103,0.0,0.0,0.0
AIRMASS_WMEAN_I,4,-0.22670906782150269,0.06388076394796371,-0.08141415193676949,99996,0.3309832393295732,beta,0.06990013965068222,0.23124753207264623,0.003906374869474324,0.9029961198447938,0.8512817367840059,0.07713622196958436,0.05922262548810197,0.25476296141946103,-0.007236082318902146,-0.055316250618627646,-0.023515429346814803
AIRMASS_WMEAN_I,4,-0.22670906782150269,0.06388076394796371,-0.08141415193676949,99996,0.3309832393295732,isotonic,0.06988511286951637,0.2311784183942918,0.003459144004731092,0.9029661186447457,0.8519778493081722,0.07713622196958436,0.05922262548810197,0.25476296141946103,-0.007251109100067987,-0.055763481483370875,-0.02358454302516924
AIRMASS_WMEAN_I,4,-0.22670906782150269,0.06388076394796371,-0.08141415193676949,99996,0.3309832393295732,magaware_platt,0.06989639270931457,0.23120727606435165,0.004999306736645077,0.9029261170446818,0.8507051784862886,0.07713622196958436,0.05922262548810197,0.25476296141946103,-0.007239829260269795,-0.05422331875145689,-0.02355568535510938
AIRMASS_WMEAN_I,4,-0.22670906782150269,0.06388076394796371,-0.08141415193676949,99996,0.3309832393295732,magbinned_beta,0.0698579007624023,0.23112708132352197,0.00388830030070127,0.9029761190447618,0.8514924230828104,0.07713622196958436,0.05922262548810197,0.25476296141946103,-0.007278321207182067,-0.0553343251874007,-0.02363588009593906
AIRMASS_WMEAN_I,4,-0.22670906782150269,0.06388076394796371,-0.08141415193676949,99996,0.3309832393295732,magbinned_isotonic,0.0698513488335756,0.23173735782975993,0.003911067051766193,0.9026461058442338,0.8513445416647579,0.07713622196958436,0.05922262548810197,0.25476296141946103,-0.007284873136008757,-0.05531155843633578,-0.0230256035897011
AIRMASS_WMEAN_I,5,0.06388076394796371,0.359160453081131,0.21152060851454735,99985,0.34265139770965647,uncalibrated,0.07947734895925732,0.26250318620430463,0.06221687065641868,0.8899034855228284,0.8509935567708051,0.07947734895925732,0.06221687065641868,0.26250318620430463,0.0,0.0,0.0
AIRMASS_WMEAN_I,5,0.06388076394796371,0.359160453081131,0.21152060851454735,99985,0.34265139770965647,beta,0.07170981862440463,0.23726668717781046,0.004512760362619394,0.9007751162674401,0.8533719572575044,0.07947734895925732,0.06221687065641868,0.26250318620430463,-0.007767530334852682,-0.05770411029379928,-0.025236499026494164
AIRMASS_WMEAN_I,5,0.06388076394796371,0.359160453081131,0.21152060851454735,99985,0.34265139770965647,isotonic,0.07169297590083834,0.2371656504781153,0.002949743786610738,0.9008151222683403,0.8541810642709053,0.07947734895925732,0.06221687065641868,0.26250318620430463,-0.007784373058418975,-0.05926712686980794,-0.025337535726189325
AIRMASS_WMEAN_I,5,0.06388076394796371,0.359160453081131,0.21152060851454735,99985,0.34265139770965647,magaware_platt,0.07169449128645967,0.23723570013969808,0.0056459030495217225,0.9008251237685653,0.8530222630658406,0.07947734895925732,0.06221687065641868,0.26250318620430463,-0.007782857672797641,-0.056570967606896956,-0.025267486064606548
AIRMASS_WMEAN_I,5,0.06388076394796371,0.359160453081131,0.21152060851454735,99985,0.34265139770965647,magbinned_beta,0.07164607465851772,0.23707791801666228,0.0036482743805478102,0.9006250937640646,0.853399433427762,0.07947734895925732,0.06221687065641868,0.26250318620430463,-0.007831274300739599,-0.05856859627587087,-0.025425268187642347
AIRMASS_WMEAN_I,5,0.06388076394796371,0.359160453081131,0.21152060851454735,99985,0.34265139770965647,magbinned_isotonic,0.0716834647470456,0.2380987463334838,0.0034502649887705166,0.9005050757613642,0.8536154683775273,0.07947734895925732,0.06221687065641868,0.26250318620430463,-0.007793884212211721,-0.05876660566764816,-0.024404439870820832
AIRMASS_WMEAN_I,6,0.359160453081131,0.6434265375137329,0.501293495297432,100007,0.34709570330076894,uncalibrated,0.07938845491701606,0.26167413619440166,0.060361363252200165,0.8893977421580489,0.8518146376753346,0.07938845491701606,0.060361363252200165,0.26167413619440166,0.0,0.0,0.0
AIRMASS_WMEAN_I,6,0.359160453081131,0.6434265375137329,0.501293495297432,100007,0.34709570330076894,beta,0.07216816604520616,0.23785050171385513,0.005003691925186885,0.8997070205085644,0.8534054370067232,0.07938845491701606,0.060361363252200165,0.26167413619440166,-0.007220288871809893,-0.05535767132701328,-0.02382363448054653
AIRMASS_WMEAN_I,6,0.359160453081131,0.6434265375137329,0.501293495297432,100007,0.34709570330076894,isotonic,0.07214185199543119,0.23773905351105337,0.003975230167267833,0.8994070415070945,0.853715282826814,0.07938845491701606,0.060361363252200165,0.26167413619440166,-0.007246602921584869,-0.05638613308493233,-0.02393508268334829
AIRMASS_WMEAN_I,6,0.359160453081131,0.6434265375137329,0.501293495297432,100007,0.34709570330076894,magaware_platt,0.07217731961138721,0.23785440437550961,0.006462474197829565,0.8998270121091524,0.8531214262674838,0.07938845491701606,0.060361363252200165,0.26167413619440166,-0.007211135305628849,-0.0538988890543706,-0.023819731818892048
AIRMASS_WMEAN_I,6,0.359160453081131,0.6434265375137329,0.501293495297432,100007,0.34709570330076894,magbinned_beta,0.07211350327862197,0.23769118840406428,0.00379571760114418,0.8994170408071435,0.8532625344633922,0.07938845491701606,0.060361363252200165,0.26167413619440166,-0.007274951638394089,-0.056565645651055985,-0.023982947790337383
AIRMASS_WMEAN_I,6,0.359160453081131,0.6434265375137329,0.501293495297432,100007,0.34709570330076894,magbinned_isotonic,0.07213161922485302,0.23836446938154648,0.0035009715571446814,0.8995670303078784,0.8539819149245486,0.07938845491701606,0.060361363252200165,0.26167413619440166,-0.007256835692163038,-0.05686039169505548,-0.02330966681285518
AIRMASS_WMEAN_I,7,0.6434265375137329,0.943067193031311,0.793246865272522,99988,0.34419130295635475,uncalibrated,0.0792836664451255,0.26176119631285927,0.06239517156909448,0.8896167540104812,0.8512353250394252,0.0792836664451255,0.06239517156909448,0.26176119631285927,0.0,0.0,0.0
AIRMASS_WMEAN_I,7,0.6434265375137329,0.943067193031311,0.793246865272522,99988,0.34419130295635475,beta,0.07155750366488925,0.23625126727984105,0.004016401042925819,0.9001880225627076,0.8534680213778117,0.0792836664451255,0.06239517156909448,0.26176119631285927,-0.007726162780236245,-0.05837877052616866,-0.025509929033018214
AIRMASS_WMEAN_I,7,0.6434265375137329,0.943067193031311,0.793246865272522,99988,0.34419130295635475,isotonic,0.07157647654128967,0.23628866289764835,0.004164684568195667,0.9006180741689003,0.8548516673726647,0.0792836664451255,0.06239517156909448,0.26176119631285927,-0.007707189903835829,-0.05823048700089881,-0.025472533415210913
AIRMASS_WMEAN_I,7,0.6434265375137329,0.943067193031311,0.793246865272522,99988,0.34419130295635475,magaware_platt,0.07154292076724705,0.23625491749316951,0.0058263866801323266,0.9000380045605473,0.852704953063059,0.0792836664451255,0.06239517156909448,0.26176119631285927,-0.007740745677878441,-0.05656878488896215,-0.025506278819689754
AIRMASS_WMEAN_I,7,0.6434265375137329,0.943067193031311,0.793246865272522,99988,0.34419130295635475,magbinned_beta,0.07153727737438263,0.23615942806469234,0.0028430758269757527,0.9003880465655879,0.853963226884842,0.0792836664451255,0.06239517156909448,0.26176119631285927,-0.007746389070742862,-0.05955209574211873,-0.02560176824816693
AIRMASS_WMEAN_I,7,0.6434265375137329,0.943067193031311,0.793246865272522,99988,0.34419130295635475,magbinned_isotonic,0.0716240788821917,0.23680024361772942,0.004542583368302143,0.9004080489658759,0.8544066904497339,0.0792836664451255,0.06239517156909448,0.26176119631285927,-0.007659587562933792,-0.05785258820079234,-0.02496095269512985
AIRMASS_WMEAN_I,8,0.943067193031311,1.3155463933944702,1.1293067932128906,100033,0.3447562304439535,uncalibrated,0.07857419450621181,0.2598040929390879,0.060089460241576145,0.890336189057611,0.8522121032494476,0.07857419450621181,0.060089460241576145,0.2598040929390879,0.0,0.0,0.0
AIRMASS_WMEAN_I,8,0.943067193031311,1.3155463933944702,1.1293067932128906,100033,0.3447562304439535,beta,0.07147413190616354,0.2359865718340272,0.004589705596225345,0.9008927054072157,0.854128656347478,0.07857419450621181,0.060089460241576145,0.2598040929390879,-0.007100062600048265,-0.0554997546453508,-0.02381752110506072
AIRMASS_WMEAN_I,8,0.943067193031311,1.3155463933944702,1.1293067932128906,100033,0.3447562304439535,isotonic,0.07142722211955195,0.23602132735807288,0.002916340127845549,0.9009626823148361,0.8549253906192799,0.07857419450621181,0.060089460241576145,0.2598040929390879,-0.007146972386659858,-0.057173120113730595,-0.023782765581015025
AIRMASS_WMEAN_I,8,0.943067193031311,1.3155463933944702,1.1293067932128906,100033,0.3447562304439535,magaware_platt,0.07148597993333493,0.23601204948328114,0.006393155734826548,0.9009426889126588,0.8537611239835299,0.07857419450621181,0.060089460241576145,0.2598040929390879,-0.00708821457287688,-0.0536963045067496,-0.023792043455806766
AIRMASS_WMEAN_I,8,0.943067193031311,1.3155463933944702,1.1293067932128906,100033,0.3447562304439535,magbinned_beta,0.0714379802865743,0.23586884832758384,0.0046144628111266335,0.9008727120050384,0.8543435471077294,0.07857419450621181,0.060089460241576145,0.2598040929390879,-0.0071362142196375045,-0.055474997430449514,-0.023935244611504064
AIRMASS_WMEAN_I,8,0.943067193031311,1.3155463933944702,1.1293067932128906,100033,0.3447562304439535,magbinned_isotonic,0.07147021268919435,0.23687130487956867,0.0039266010207052015,0.9007027680865315,0.8544594059986227,0.07857419450621181,0.060089460241576145,0.2598040929390879,-0.007103981817017463,-0.05616285922087094,-0.022932788059519232
AIRMASS_WMEAN_I,9,1.3155463933944702,3.1885182857513428,2.2520323395729065,100003,0.3232803015909523,uncalibrated,0.07303516427380057,0.24269302318986938,0.055895282574109084,0.8994430167094987,0.8547702261633113,0.07303516427380057,0.055895282574109084,0.24269302318986938,0.0,0.0,0.0
AIRMASS_WMEAN_I,9,1.3155463933944702,3.1885182857513428,2.2520323395729065,100003,0.3232803015909523,beta,0.06640958212667945,0.22100115667677073,0.006192935094214999,0.9081727548173555,0.8556290974263839,0.07303516427380057,0.055895282574109084,0.24269302318986938,-0.006625582147121112,-0.049702347479894084,-0.02169186651309865
AIRMASS_WMEAN_I,9,1.3155463933944702,3.1885182857513428,2.2520323395729065,100003,0.3232803015909523,isotonic,0.06639607697372242,0.2208791133032195,0.004577994660460439,0.9085027449176525,0.8567940651704385,0.07303516427380057,0.055895282574109084,0.24269302318986938,-0.006639087300078145,-0.051317287913648646,-0.021813909886649885
AIRMASS_WMEAN_I,9,1.3155463933944702,3.1885182857513428,2.2520323395729065,100003,0.3232803015909523,magaware_platt,0.06640993531178635,0.2209218592181745,0.006973052259945072,0.9079427617171485,0.8547032828282828,0.07303516427380057,0.055895282574109084,0.24269302318986938,-0.006625228962014215,-0.04892223031416401,-0.021771163971694873
AIRMASS_WMEAN_I,9,1.3155463933944702,3.1885182857513428,2.2520323395729065,100003,0.3232803015909523,magbinned_beta,0.0663573442446315,0.2208143489051639,0.005186534131492088,0.9080827575172745,0.8555806938159879,0.07303516427380057,0.055895282574109084,0.24269302318986938,-0.006677820029169071,-0.050708748442617,-0.02187867428470547
AIRMASS_WMEAN_I,9,1.3155463933944702,3.1885182857513428,2.2520323395729065,100003,0.3232803015909523,magbinned_isotonic,0.0664203768940239,0.22180295600909974,0.004439092505720143,0.9080027599172025,0.855803893294881,0.07303516427380057,0.055895282574109084,0.24269302318986938,-0.006614787379776665,-0.05145619006838894,-0.020890067180769634
MAGLIM_I,0,-6.3130202293396,-1.2518572807312012,-3.7824387550354004,99927,0.20977313438810333,uncalibrated,0.057420885029095065,0.19451709060973377,0.04868417296375156,0.9227536101353988,0.8303628332197877,0.057420885029095065,0.04868417296375156,0.19451709060973377,0.0,0.0,0.0
MAGLIM_I,0,-6.3130202293396,-1.2518572807312012,-3.7824387550354004,99927,0.20977313438810333,beta,0.05151903826517252,0.1732447369139406,0.005719184699198547,0.9296086142884306,0.831043428132206,0.057420885029095065,0.04868417296375156,0.19451709060973377,-0.0059018467639225455,-0.042964988264553014,-0.021272353695793167
MAGLIM_I,0,-6.3130202293396,-1.2518572807312012,-3.7824387550354004,99927,0.20977313438810333,isotonic,0.051496262595790564,0.17331615064917782,0.005645183300392169,0.929948862669749,0.8327759197324415,0.057420885029095065,0.04868417296375156,0.19451709060973377,-0.005924622433304501,-0.043038989663359395,-0.021200939960555942
MAGLIM_I,0,-6.3130202293396,-1.2518572807312012,-3.7824387550354004,99927,0.20977313438810333,magaware_platt,0.051456863375975825,0.17298916411248152,0.006382672532626763,0.9294484974031043,0.829890937168227,0.057420885029095065,0.04868417296375156,0.19451709060973377,-0.005964021653119239,-0.0423015004311248,-0.021527926497252242
MAGLIM_I,0,-6.3130202293396,-1.2518572807312012,-3.7824387550354004,99927,0.20977313438810333,magbinned_beta,0.05137722294060567,0.17284875709784311,0.005268694244812782,0.9297987530897556,0.8311875827216941,0.057420885029095065,0.04868417296375156,0.19451709060973377,-0.006043662088489395,-0.04341547871893878,-0.021668333511890653
MAGLIM_I,0,-6.3130202293396,-1.2518572807312012,-3.7824387550354004,99927,0.20977313438810333,magbinned_isotonic,0.0514129800523346,0.1737964090690762,0.004909440391246263,0.9293884535711069,0.8303683046446774,0.057420885029095065,0.04868417296375156,0.19451709060973377,-0.006007904976760466,-0.0437747325725053,-0.020720681540657565
MAGLIM_I,1,-1.2518572807312012,-0.7204000353813171,-0.9861286580562592,99963,0.29805027860308314,uncalibrated,0.06945399202009327,0.23234219283690324,0.054626356755268585,0.9050248591979032,0.8517025929397063,0.06945399202009327,0.054626356755268585,0.23234219283690324,0.0,0.0,0.0
MAGLIM_I,1,-1.2518572807312012,-0.7204000353813171,-0.9861286580562592,99963,0.29805027860308314,beta,0.06307585486364847,0.21025415726956284,0.00543837590147824,0.912937786981183,0.85207784482026,0.06945399202009327,0.054626356755268585,0.23234219283690324,-0.006378137156444794,-0.04918798085379034,-0.022088035567340403
MAGLIM_I,1,-1.2518572807312012,-0.7204000353813171,-0.9861286580562592,99963,0.29805027860308314,isotonic,0.06305641884669963,0.21021349179079626,0.004199697537011822,0.9129577943839221,0.8527923934559358,0.06945399202009327,0.054626356755268585,0.23234219283690324,-0.006397573173393636,-0.050426659218256766,-0.02212870104610698
MAGLIM_I,1,-1.2518572807312012,-0.7204000353813171,-0.9861286580562592,99963,0.29805027860308314,magaware_platt,0.06307255114855301,0.21023187258867498,0.005728294156835495,0.9127777277592709,0.8512192208590004,0.06945399202009327,0.054626356755268585,0.23234219283690324,-0.006381440871540259,-0.04889806259843309,-0.02211032024822826
MAGLIM_I,1,-1.2518572807312012,-0.7204000353813171,-0.9861286580562592,99963,0.29805027860308314,magbinned_beta,0.06306912320317809,0.2102543813871325,0.004380023790903935,0.9126276722387283,0.851497942666712,0.06945399202009327,0.054626356755268585,0.23234219283690324,-0.006384868816915176,-0.05024633296436465,-0.022087811449770733
MAGLIM_I,1,-1.2518572807312012,-0.7204000353813171,-0.9861286580562592,99963,0.29805027860308314,magbinned_isotonic,0.06307250699473751,0.21180881210043362,0.00441352728978587,0.9131678721126817,0.8525915359010937,0.06945399202009327,0.054626356755268585,0.23234219283690324,-0.0063814850253557515,-0.050212829465482715,-0.020533380736469625
MAGLIM_I,2,-0.7204000353813171,-0.38877785205841064,-0.5545889437198639,99959,0.3192608969677568,uncalibrated,0.07250152232256016,0.24124505413927913,0.05468576998713369,0.8993987534889305,0.8530383187677198,0.07250152232256016,0.05468576998713369,0.24124505413927913,0.0,0.0,0.0
MAGLIM_I,2,-0.7204000353813171,-0.38877785205841064,-0.5545889437198639,99959,0.3192608969677568,beta,0.06624087219696168,0.22016158821796325,0.005094114041017783,0.908562510629358,0.8546113956669742,0.07250152232256016,0.05468576998713369,0.24124505413927913,-0.0062606501255984826,-0.049591655946115906,-0.02108346592131588
MAGLIM_I,2,-0.7204000353813171,-0.38877785205841064,-0.5545889437198639,99959,0.3192608969677568,isotonic,0.0662354681053047,0.22009662715258313,0.0032373423617642286,0.9085425024259947,0.8552839865763313,0.07250152232256016,0.05468576998713369,0.24124505413927913,-0.006266054217255457,-0.05144842762536946,-0.021148426986696
MAGLIM_I,2,-0.7204000353813171,-0.38877785205841064,-0.5545889437198639,99959,0.3192608969677568,magaware_platt,0.06627103533120834,0.22025001129160898,0.006350325630513136,0.9083924409007693,0.8538364538939169,0.07250152232256016,0.05468576998713369,0.24124505413927913,-0.0062304869913518135,-0.04833544435662055,-0.020995042847670148
MAGLIM_I,2,-0.7204000353813171,-0.38877785205841064,-0.5545889437198639,99959,0.3192608969677568,magbinned_beta,0.06619828826469873,0.22001309339327033,0.004262062831223255,0.9084824778159045,0.8545720462927636,0.07250152232256016,0.05468576998713369,0.24124505413927913,-0.006303234057861429,-0.050423707155910436,-0.021231960746008804
MAGLIM_I,2,-0.7204000353813171,-0.38877785205841064,-0.5545889437198639,99959,0.3192608969677568,magbinned_isotonic,0.06623941374201701,0.2208048680137794,0.003585137439966792,0.9083824367990876,0.8546349206349206,0.07250152232256016,0.05468576998713369,0.24124505413927913,-0.006262108580543144,-0.051100632547166895,-0.02044018612549972
MAGLIM_I,3,-0.38877785205841064,-0.12570999562740326,-0.25724392384290695,100076,0.33009912466525443,uncalibrated,0.07536934700665905,0.25028127060056565,0.057239148681296446,0.8956992685558975,0.8527079276380775,0.07536934700665905,0.057239148681296446,0.25028127060056565,0.0,0.0,0.0
MAGLIM_I,3,-0.38877785205841064,-0.12570999562740326,-0.25724392384290695,100076,0.33009912466525443,beta,0.06853360122120604,0.22804868137385104,0.004427298847259295,0.9061213477756904,0.8556236841700859,0.07536934700665905,0.057239148681296446,0.25028127060056565,-0.006835745785453012,-0.05281184983403715,-0.022232589226714616
MAGLIM_I,3,-0.38877785205841064,-0.12570999562740326,-0.25724392384290695,100076,0.33009912466525443,isotonic,0.0685186434274005,0.2279658276438144,0.004298827084470835,0.9057616211679124,0.8557708483078194,0.07536934700665905,0.057239148681296446,0.25028127060056565,-0.0068507035792585574,-0.052940321596825615,-0.022315442956751252
MAGLIM_I,3,-0.38877785205841064,-0.12570999562740326,-0.25724392384290695,100076,0.33009912466525443,magaware_platt,0.06854549452588979,0.22802701466922606,0.0049874864338254575,0.9061113553699188,0.8551698625069363,0.07536934700665905,0.057239148681296446,0.25028127060056565,-0.006823852480769263,-0.05225166224747099,-0.02225425593133959
MAGLIM_I,3,-0.38877785205841064,-0.12570999562740326,-0.25724392384290695,100076,0.33009912466525443,magbinned_beta,0.06851727606980049,0.22796165922346048,0.0039561892554395035,0.9059414844718015,0.85556015897129,0.07536934700665905,0.057239148681296446,0.25028127060056565,-0.006852070936858565,-0.053282959425856945,-0.02231961137710517
MAGLIM_I,3,-0.38877785205841064,-0.12570999562740326,-0.25724392384290695,100076,0.33009912466525443,magbinned_isotonic,0.06857842971187414,0.2285542775206931,0.004122031544016305,0.9060214237179743,0.8559481689105363,0.07536934700665905,0.057239148681296446,0.25028127060056565,-0.006790917294784912,-0.053117117137280144,-0.021726993079872553
MAGLIM_I,4,-0.12570999562740326,0.10019892454147339,-0.012755535542964935,99968,0.3426396446862996,uncalibrated,0.07573692682869118,0.2515367059767632,0.05648094893681899,0.8957566421254801,0.857654113565272,0.07573692682869118,0.05648094893681899,0.2515367059767632,0.0,0.0,0.0
MAGLIM_I,4,-0.12570999562740326,0.10019892454147339,-0.012755535542964935,99968,0.3426396446862996,beta,0.0692208705841369,0.23025491810556092,0.00566534381384813,0.9034591069142125,0.8565440356744705,0.07573692682869118,0.05648094893681899,0.2515367059767632,-0.006516056244554286,-0.050815605122970856,-0.021281787871202273
MAGLIM_I,4,-0.12570999562740326,0.10019892454147339,-0.012755535542964935,99968,0.3426396446862996,isotonic,0.06921586918982547,0.23028556620011345,0.004905487697902407,0.9036991837387964,0.8576287729780091,0.07573692682869118,0.05648094893681899,0.2515367059767632,-0.006521057638865707,-0.05157546123891658,-0.021251139776649747
MAGLIM_I,4,-0.12570999562740326,0.10019892454147339,-0.012755535542964935,99968,0.3426396446862996,magaware_platt,0.06923579014963996,0.23023870713682504,0.0062637927293966306,0.9036791773367477,0.8564228733318422,0.07573692682869118,0.05648094893681899,0.2515367059767632,-0.006501136679051223,-0.050217156207422356,-0.02129799883993816
MAGLIM_I,4,-0.12570999562740326,0.10019892454147339,-0.012755535542964935,99968,0.3426396446862996,magbinned_beta,0.06919665217302917,0.23018766771818608,0.005012638452665122,0.9037191901408451,0.8572064386914917,0.07573692682869118,0.05648094893681899,0.2515367059767632,-0.0065402746556620095,-0.051468310484153866,-0.02134903825857712
MAGLIM_I,4,-0.12570999562740326,0.10019892454147339,-0.012755535542964935,99968,0.3426396446862996,magbinned_isotonic,0.06921609709763374,0.23066260201570438,0.004814834735054064,0.9038792413572343,0.8577392849211637,0.07573692682869118,0.05648094893681899,0.2515367059767632,-0.006520829731057443,-0.05166611420176492,-0.02087410396105882
MAGLIM_I,5,0.10019892454147339,0.3159710764884949,0.20808500051498413,100040,0.35113954418232707,uncalibrated,0.0798554643700174,0.26379626227223935,0.06071499195136769,0.8897241103558576,0.8537994646028254,0.0798554643700174,0.06071499195136769,0.26379626227223935,0.0,0.0,0.0
MAGLIM_I,5,0.10019892454147339,0.3159710764884949,0.20808500051498413,100040,0.35113954418232707,beta,0.07261769857138563,0.2398471846584167,0.004982095987665413,0.8993702518992404,0.8549402729145953,0.0798554643700174,0.06071499195136769,0.26379626227223935,-0.007237765798631779,-0.055732895963702275,-0.023949077613822645
MAGLIM_I,5,0.10019892454147339,0.3159710764884949,0.20808500051498413,100040,0.35113954418232707,isotonic,0.07259246059678282,0.23973669548845597,0.004149394871737084,0.8996001599360256,0.8559256390395042,0.0798554643700174,0.06071499195136769,0.26379626227223935,-0.0072630037732345915,-0.0565655970796306,-0.024059566783783376
MAGLIM_I,5,0.10019892454147339,0.3159710764884949,0.20808500051498413,100040,0.35113954418232707,magaware_platt,0.07261858939818723,0.23982690798676914,0.0063743230943873195,0.8994002399040384,0.8544907755479729,0.0798554643700174,0.06071499195136769,0.26379626227223935,-0.007236874971830176,-0.05434066885698037,-0.0239693542854702
MAGLIM_I,5,0.10019892454147339,0.3159710764884949,0.20808500051498413,100040,0.35113954418232707,magbinned_beta,0.07256566119755903,0.23964574430564684,0.004185800987693949,0.8993802479008397,0.8551904707100932,0.0798554643700174,0.06071499195136769,0.26379626227223935,-0.007289803172458378,-0.05652919096367374,-0.02415051796659251
MAGLIM_I,5,0.10019892454147339,0.3159710764884949,0.20808500051498413,100040,0.35113954418232707,magbinned_isotonic,0.07261494224865829,0.24025024685524102,0.0034113564575404035,0.8990703718512595,0.855109274326632,0.0798554643700174,0.06071499195136769,0.26379626227223935,-0.0072405221213591164,-0.05730363549382728,-0.023546015416998328
MAGLIM_I,6,0.3159710764884949,0.5423587560653687,0.42916491627693176,100009,0.3591576758091772,uncalibrated,0.08148575195512665,0.26831482651867605,0.06197615814270826,0.8865002149806518,0.8527889815451256,0.08148575195512665,0.06197615814270826,0.26831482651867605,0.0,0.0,0.0
MAGLIM_I,6,0.3159710764884949,0.5423587560653687,0.42916491627693176,100009,0.3591576758091772,beta,0.07414871750633387,0.24381577611150188,0.005007697018430957,0.8966992970632643,0.854273341514677,0.08148575195512665,0.06197615814270826,0.26831482651867605,-0.007337034448792787,-0.0569684611242773,-0.024499050407174178
MAGLIM_I,6,0.3159710764884949,0.5423587560653687,0.42916491627693176,100009,0.3591576758091772,isotonic,0.07412468452727915,0.24367742241215168,0.002876340847511355,0.8970092691657751,0.8553980064579532,0.08148575195512665,0.06197615814270826,0.26831482651867605,-0.007361067427847506,-0.0590998172951969,-0.024637404106524374
MAGLIM_I,6,0.3159710764884949,0.5423587560653687,0.42916491627693176,100009,0.3591576758091772,magaware_platt,0.074159604061186,0.24391146620145548,0.0064883287548467014,0.8967892889639932,0.8539739127974422,0.08148575195512665,0.06197615814270826,0.26831482651867605,-0.007326147893940649,-0.05548782938786156,-0.024403360317220568
MAGLIM_I,6,0.3159710764884949,0.5423587560653687,0.42916491627693176,100009,0.3591576758091772,magbinned_beta,0.07409346555912315,0.2436037109011991,0.00430402316728009,0.8966493015628594,0.8545290772955019,0.08148575195512665,0.06197615814270826,0.26831482651867605,-0.007392286396003506,-0.05767213497542817,-0.024711115617476964
MAGLIM_I,6,0.3159710764884949,0.5423587560653687,0.42916491627693176,100009,0.3591576758091772,magbinned_isotonic,0.07408499311204012,0.24425164836149713,0.004167700783096408,0.8966193042626164,0.8548932646559346,0.08148575195512665,0.06197615814270826,0.26831482651867605,-0.007400758843086538,-0.05780845735961185,-0.024063178157178927
MAGLIM_I,7,0.5423587560653687,0.7948110699653625,0.6685849130153656,99936,0.36334253922510407,uncalibrated,0.0852116842501254,0.27937181798160227,0.06631849079697172,0.8799831892411143,0.8472374353618463,0.0852116842501254,0.06631849079697172,0.27937181798160227,0.0,0.0,0.0
MAGLIM_I,7,0.5423587560653687,0.7948110699653625,0.6685849130153656,99936,0.36334253922510407,beta,0.0768503259418678,0.25230967560888806,0.005163987759727403,0.8928113992955492,0.8507038327526132,0.0852116842501254,0.06631849079697172,0.27937181798160227,-0.0083613583082576,-0.06115450303724432,-0.027062142372714204
MAGLIM_I,7,0.5423587560653687,0.7948110699653625,0.6685849130153656,99936,0.36334253922510407,isotonic,0.07680886549108171,0.25230411515465145,0.004854505037220841,0.8925112071725905,0.8510496685986855,0.0852116842501254,0.06631849079697172,0.27937181798160227,-0.008402818759043695,-0.06146398575975088,-0.027067702826950812
MAGLIM_I,7,0.5423587560653687,0.7948110699653625,0.6685849130153656,99936,0.36334253922510407,magaware_platt,0.07686156141036928,0.25235660453578734,0.00649491994553083,0.8929514889529299,0.850469641060047,0.0852116842501254,0.06631849079697172,0.27937181798160227,-0.008350122839756127,-0.05982357085144089,-0.027015213445814923
MAGLIM_I,7,0.5423587560653687,0.7948110699653625,0.6685849130153656,99936,0.36334253922510407,magbinned_beta,0.07684120848806834,0.252184916927607,0.004592709205098781,0.8926512968299711,0.8508632913504045,0.0852116842501254,0.06631849079697172,0.27937181798160227,-0.008370475762057059,-0.06172578159187294,-0.027186901053995294
MAGLIM_I,7,0.5423587560653687,0.7948110699653625,0.6685849130153656,99936,0.36334253922510407,magbinned_isotonic,0.0768694307935276,0.25262226729585896,0.004352458336797328,0.8927313480627602,0.8515070921985816,0.0852116842501254,0.06631849079697172,0.27937181798160227,-0.008342253456597809,-0.06196603246017439,-0.026749550685743306
MAGLIM_I,8,0.7948110699653625,1.132224440574646,0.9635177552700043,100054,0.37390808963159894,uncalibrated,0.08810934583963864,0.2889535870843806,0.0670641349842171,0.8763067943310612,0.8467406380027739,0.08810934583963864,0.0670641349842171,0.2889535870843806,0.0,0.0,0.0
MAGLIM_I,8,0.7948110699653625,1.132224440574646,0.9635177552700043,100054,0.37390808963159894,beta,0.07971247853952389,0.26204603464326426,0.004256191863935749,0.8897695244567934,0.8508001785690129,0.08810934583963864,0.0670641349842171,0.2889535870843806,-0.008396867300114755,-0.06280794312028135,-0.026907552441116367
MAGLIM_I,8,0.7948110699653625,1.132224440574646,0.9635177552700043,100054,0.37390808963159894,isotonic,0.07972719346869715,0.26209370898193024,0.003909481160462567,0.8895696323985048,0.851246011551355,0.08810934583963864,0.0670641349842171,0.2889535870843806,-0.00838215237094149,-0.06315465382375453,-0.026859878102450385
MAGLIM_I,8,0.7948110699653625,1.132224440574646,0.9635177552700043,100054,0.37390808963159894,magaware_platt,0.07969661756045583,0.2620195103726579,0.00560621430815998,0.889689567633478,0.8502462653152603,0.08810934583963864,0.0670641349842171,0.2889535870843806,-0.00841272827918281,-0.06145792067605711,-0.02693407671172271
MAGLIM_I,8,0.7948110699653625,1.132224440574646,0.9635177552700043,100054,0.37390808963159894,magbinned_beta,0.07968606913678573,0.261914538350362,0.004474504286222768,0.8893497511343874,0.8505231890906636,0.08810934583963864,0.0670641349842171,0.2889535870843806,-0.008423276702852908,-0.06258963069799432,-0.027039048734018634
MAGLIM_I,8,0.7948110699653625,1.132224440574646,0.9635177552700043,100054,0.37390808963159894,magbinned_isotonic,0.07971483680159354,0.26246819996535636,0.0042756636822537985,0.8891898374877566,0.8509391091571545,0.08810934583963864,0.0670641349842171,0.2889535870843806,-0.008394509038045103,-0.0627884713019633,-0.026485387119024262
MAGLIM_I,9,1.132224440574646,3.794822931289673,2.4635236859321594,100068,0.3908142463125075,uncalibrated,0.0946237398947315,0.3085495411590344,0.07428376861123923,0.8669304872686573,0.8436281647799333,0.0946237398947315,0.07428376861123923,0.3085495411590344,0.0,0.0,0.0
MAGLIM_I,9,1.132224440574646,3.794822931289673,2.4635236859321594,100068,0.3908142463125075,beta,0.08491125079929861,0.2774352948381024,0.005554535804304563,0.8816204980613183,0.847309943028022,0.0946237398947315,0.07428376861123923,0.3085495411590344,-0.009712489095432889,-0.06872923280693466,-0.03111424632093196
MAGLIM_I,9,1.132224440574646,3.794822931289673,2.4635236859321594,100068,0.3908142463125075,isotonic,0.0849355482121623,0.2778046753302675,0.005462306567122803,0.8816704640844226,0.8481903614148899,0.0946237398947315,0.07428376861123923,0.3085495411590344,-0.009688191682569194,-0.06882146204411642,-0.0307448658287669
MAGLIM_I,9,1.132224440574646,3.794822931289673,2.4635236859321594,100068,0.3908142463125075,magaware_platt,0.08490683344378011,0.2775092387433425,0.006889758067749115,0.8816005116520765,0.8468379957598635,0.0946237398947315,0.07428376861123923,0.3085495411590344,-0.009716906450951385,-0.06739401054349012,-0.03104030241569189
MAGLIM_I,9,1.132224440574646,3.794822931289673,2.4635236859321594,100068,0.3908142463125075,magbinned_beta,0.08493320967462732,0.27740188445865827,0.0055882001904894365,0.8813506815365552,0.847345616313306,0.0946237398947315,0.07428376861123923,0.3085495411590344,-0.009690530220104174,-0.0686955684207498,-0.031147656700376114
MAGLIM_I,9,1.132224440574646,3.794822931289673,2.4635236859321594,100068,0.3908142463125075,magbinned_isotonic,0.08496312825877252,0.2803180669384275,0.005870569507084799,0.8812407562857257,0.847929569534729,0.0946237398947315,0.07428376861123923,0.3085495411590344,-0.00966061163595898,-0.06841319910415443,-0.0282314742206069
EBV_SFD98,0,-1.4426746368408203,-0.866020143032074,-1.1543473899364471,99999,0.3715837158371584,uncalibrated,0.08489151179887626,0.27820923549997933,0.06359683965377069,0.8805188051880519,0.8505379034275706,0.08489151179887626,0.06359683965377069,0.27820923549997933,0.0,0.0,0.0
EBV_SFD98,0,-1.4426746368408203,-0.866020143032074,-1.1543473899364471,99999,0.3715837158371584,beta,0.07708489573797628,0.25339290233610784,0.004735115666300682,0.8933089330893309,0.8543461344182173,0.08489151179887626,0.06359683965377069,0.27820923549997933,-0.007806616060899982,-0.05886172398747001,-0.024816333163871496
EBV_SFD98,0,-1.4426746368408203,-0.866020143032074,-1.1543473899364471,99999,0.3715837158371584,isotonic,0.07711332358457981,0.2535095566762077,0.0035737095184364136,0.8930189301893019,0.8547059622436507,0.08489151179887626,0.06359683965377069,0.27820923549997933,-0.007778188214296447,-0.06002313013533428,-0.02469967882377161
EBV_SFD98,0,-1.4426746368408203,-0.866020143032074,-1.1543473899364471,99999,0.3715837158371584,magaware_platt,0.07706863499126092,0.2532869715815346,0.005601593749625276,0.8933089330893309,0.8539353531481456,0.08489151179887626,0.06359683965377069,0.27820923549997933,-0.007822876807615342,-0.05799524590414542,-0.02492226391844471
EBV_SFD98,0,-1.4426746368408203,-0.866020143032074,-1.1543473899364471,99999,0.3715837158371584,magbinned_beta,0.07703754816568964,0.253270387356299,0.004143939361903289,0.8929389293892939,0.8541973089284741,0.08489151179887626,0.06359683965377069,0.27820923549997933,-0.00785396363318662,-0.0594529002918674,-0.02493884814368036
EBV_SFD98,0,-1.4426746368408203,-0.866020143032074,-1.1543473899364471,99999,0.3715837158371584,magbinned_isotonic,0.07707986982451366,0.2538578071791295,0.004015018035311294,0.8931689316893169,0.8549983033593485,0.08489151179887626,0.06359683965377069,0.27820923549997933,-0.007811641974362599,-0.0595818216184594,-0.024351428320849855
EBV_SFD98,1,-0.866020143032074,-0.7271979570388794,-0.7966090500354767,100001,0.35424645753542466,uncalibrated,0.08208444768687141,0.2699746907046822,0.06322931452500645,0.8853111468885311,0.8497307495774538,0.08208444768687141,0.06322931452500645,0.2699746907046822,0.0,0.0,0.0
EBV_SFD98,1,-0.866020143032074,-0.7271979570388794,-0.7966090500354767,100001,0.35424645753542466,beta,0.074296930557071,0.24457185866451323,0.004550079248340482,0.8969610303896961,0.8528,0.08208444768687141,0.06322931452500645,0.2699746907046822,-0.007787517129800414,-0.058679235276665964,-0.025402832040168993
EBV_SFD98,1,-0.866020143032074,-0.7271979570388794,-0.7966090500354767,100001,0.35424645753542466,isotonic,0.07427444501874188,0.24439957753752636,0.0034996162452870672,0.8969410305896941,0.8534955789952521,0.08208444768687141,0.06322931452500645,0.2699746907046822,-0.007810002668129534,-0.059729698279719384,-0.025575113167155855
EBV_SFD98,1,-0.866020143032074,-0.7271979570388794,-0.7966090500354767,100001,0.35424645753542466,magaware_platt,0.07429204090747181,0.24455763409557205,0.005912129616036958,0.8969710302896972,0.8523650536632897,0.08208444768687141,0.06322931452500645,0.2699746907046822,-0.007792406779399602,-0.05731718490896949,-0.025417056609110172
EBV_SFD98,1,-0.866020143032074,-0.7271979570388794,-0.7966090500354767,100001,0.35424645753542466,magbinned_beta,0.074256776811493,0.24439099596646027,0.004068391645515509,0.8969210307896921,0.8529487289223658,0.08208444768687141,0.06322931452500645,0.2699746907046822,-0.007827670875378417,-0.05916092287949094,-0.025583694738221946
EBV_SFD98,1,-0.866020143032074,-0.7271979570388794,-0.7966090500354767,100001,0.35424645753542466,magbinned_isotonic,0.07426190249643323,0.2449685728599617,0.0032545913449482555,0.8963710362896371,0.8526329261529273,0.08208444768687141,0.06322931452500645,0.2699746907046822,-0.00782254519043818,-0.05997472318005819,-0.02500611784472051
EBV_SFD98,2,-0.7271979570388794,-0.5983978033065795,-0.6627978801727294,100000,0.34486,uncalibrated,0.08141950734157803,0.2687509695943158,0.0628196408022261,0.8871,0.8482404494986154,0.08141950734157803,0.0628196408022261,0.2687509695943158,0.0,0.0,0.0
EBV_SFD98,2,-0.7271979570388794,-0.5983978033065795,-0.6627978801727294,100000,0.34486,beta,0.07376609336843254,0.2432773204346711,0.004353909560736515,0.89795,0.8503512090683795,0.08141950734157803,0.0628196408022261,0.2687509695943158,-0.0076534139731454925,-0.058465731241489585,-0.02547364915964473
EBV_SFD98,2,-0.7271979570388794,-0.5983978033065795,-0.6627978801727294,100000,0.34486,isotonic,0.07373611009476719,0.24315483457483603,0.003254005811208753,0.89759,0.8506119352909428,0.08141950734157803,0.0628196408022261,0.2687509695943158,-0.007683397246810844,-0.05956563499101735,-0.0255961350194798
EBV_SFD98,2,-0.7271979570388794,-0.5983978033065795,-0.6627978801727294,100000,0.34486,magaware_platt,0.07377118566476819,0.24331046885856578,0.00621134100616671,0.89786,0.8497455058989674,0.08141950734157803,0.0628196408022261,0.2687509695943158,-0.007648321676809844,-0.05660829979605939,-0.02544050073575005
EBV_SFD98,2,-0.7271979570388794,-0.5983978033065795,-0.6627978801727294,100000,0.34486,magbinned_beta,0.07371558764572654,0.24311758035940978,0.0034936210182883926,0.89771,0.8503591439062569,0.08141950734157803,0.0628196408022261,0.2687509695943158,-0.007703919695851491,-0.05932601978393771,-0.025633389234906045
EBV_SFD98,2,-0.7271979570388794,-0.5983978033065795,-0.6627978801727294,100000,0.34486,magbinned_isotonic,0.07372051251288177,0.24423436865138995,0.0034314458754815757,0.8979,0.8509924109748979,0.08141950734157803,0.0628196408022261,0.2687509695943158,-0.007698994828696265,-0.05938819492674453,-0.024516600942925876
EBV_SFD98,3,-0.5983978033065795,-0.46109152436256406,-0.5297446638345717,100000,0.34827,uncalibrated,0.07942416516244682,0.262278201562501,0.05966072423802632,0.8898,0.8525673614641586,0.07942416516244682,0.05966072423802632,0.262278201562501,0.0,0.0,0.0
EBV_SFD98,3,-0.5983978033065795,-0.46109152436256406,-0.5297446638345717,100000,0.34827,beta,0.07245560004552865,0.23903370404611637,0.004931572401389698,0.89911,0.8531291397959035,0.07942416516244682,0.05966072423802632,0.262278201562501,-0.0069685651169181795,-0.054729151836636625,-0.023244497516384605
EBV_SFD98,3,-0.5983978033065795,-0.46109152436256406,-0.5297446638345717,100000,0.34827,isotonic,0.07246368940010929,0.23905173183720174,0.0038135730626634467,0.89923,0.8539882634209954,0.07942416516244682,0.05966072423802632,0.262278201562501,-0.006960475762337534,-0.055847151175362875,-0.023226469725299237
EBV_SFD98,3,-0.5983978033065795,-0.46109152436256406,-0.5297446638345717,100000,0.34827,magaware_platt,0.0724577834215725,0.2390420869384214,0.00611344022978766,0.89929,0.8529501949275045,0.07942416516244682,0.05966072423802632,0.262278201562501,-0.006966381740874328,-0.05354728400823866,-0.023236114624079568
EBV_SFD98,3,-0.5983978033065795,-0.46109152436256406,-0.5297446638345717,100000,0.34827,magbinned_beta,0.07244899265833422,0.23898995380122628,0.004858668062106072,0.89916,0.8534856013715747,0.07942416516244682,0.05966072423802632,0.262278201562501,-0.006975172504112601,-0.054802056175920245,-0.023288247761274694
EBV_SFD98,3,-0.5983978033065795,-0.46109152436256406,-0.5297446638345717,100000,0.34827,magbinned_isotonic,0.0724946111531473,0.23960956226972344,0.0035012849476148914,0.89899,0.8536786754161053,0.07942416516244682,0.05966072423802632,0.262278201562501,-0.006929554009299524,-0.05615943929041143,-0.022668639292777543
EBV_SFD98,4,-0.46109152436256406,-0.3042021244764328,-0.38264682441949843,100000,0.34142,uncalibrated,0.07730117918659057,0.2561344229748618,0.0586317329161194,0.89317,0.8540115063476229,0.07730117918659057,0.0586317329161194,0.2561344229748618,0.0,0.0,0.0
EBV_SFD98,4,-0.46109152436256406,-0.3042021244764328,-0.38264682441949843,100000,0.34142,beta,0.07048913097002527,0.2333210259522765,0.006000996826450126,0.90159,0.8533229994187173,0.07730117918659057,0.0586317329161194,0.2561344229748618,-0.0068120482165653085,-0.052630736089669276,-0.02281339702258528
EBV_SFD98,4,-0.46109152436256406,-0.3042021244764328,-0.38264682441949843,100000,0.34142,isotonic,0.07046821789368367,0.2332068619304323,0.004534297896398464,0.90165,0.8541255691846754,0.07730117918659057,0.0586317329161194,0.2561344229748618,-0.006832961292906906,-0.05409743501972094,-0.022927561044429473
EBV_SFD98,4,-0.46109152436256406,-0.3042021244764328,-0.38264682441949843,100000,0.34142,magaware_platt,0.07051617593410148,0.2333925495182022,0.006916632376088285,0.90182,0.8532699665231946,0.07730117918659057,0.0586317329161194,0.2561344229748618,-0.006785003252489097,-0.05171510054003112,-0.022741873456659567
EBV_SFD98,4,-0.46109152436256406,-0.3042021244764328,-0.38264682441949843,100000,0.34142,magbinned_beta,0.07047486465115388,0.23323798978261565,0.004853700006576436,0.90146,0.8533805499345316,0.07730117918659057,0.0586317329161194,0.2561344229748618,-0.006826314535436695,-0.053778032909542965,-0.02289643319224613
EBV_SFD98,4,-0.46109152436256406,-0.3042021244764328,-0.38264682441949843,100000,0.34142,magbinned_isotonic,0.07049560626375777,0.2338791076072488,0.004233789002914928,0.90187,0.854387084328768,0.07730117918659057,0.0586317329161194,0.2561344229748618,-0.006805572922832806,-0.054397943913204475,-0.022255315367612966
EBV_SFD98,5,-0.3042021244764328,-0.09104941934347142,-0.19762577190995212,100000,0.34111,uncalibrated,0.07816766012127639,0.259271212693421,0.06069446379026454,0.89218,0.8532462229481421,0.07816766012127639,0.06069446379026454,0.259271212693421,0.0,0.0,0.0
EBV_SFD98,5,-0.3042021244764328,-0.09104941934347142,-0.19762577190995212,100000,0.34111,beta,0.07072859763426684,0.23495799648210225,0.004793042653780253,0.90264,0.8556303567721463,0.07816766012127639,0.06069446379026454,0.259271212693421,-0.007439062487009554,-0.05590142113648429,-0.024313216211318767
EBV_SFD98,5,-0.3042021244764328,-0.09104941934347142,-0.19762577190995212,100000,0.34111,isotonic,0.07069948212105534,0.23481902827968307,0.0038386599686437385,0.9027,0.8563625627398878,0.07816766012127639,0.06069446379026454,0.259271212693421,-0.007468178000221051,-0.0568558038216208,-0.02445218441373795
EBV_SFD98,5,-0.3042021244764328,-0.09104941934347142,-0.19762577190995212,100000,0.34111,magaware_platt,0.07073207353865511,0.23488460153031818,0.005318223900861662,0.90256,0.8549697853719525,0.07816766012127639,0.06069446379026454,0.259271212693421,-0.007435586582621279,-0.05537623988940288,-0.02438661116310284
EBV_SFD98,5,-0.3042021244764328,-0.09104941934347142,-0.19762577190995212,100000,0.34111,magbinned_beta,0.07069774030829998,0.23482144846859196,0.003795007223321815,0.9025,0.8555041792637382,0.07816766012127639,0.06069446379026454,0.259271212693421,-0.007469919812976414,-0.05689945656694272,-0.024449764224829057
EBV_SFD98,5,-0.3042021244764328,-0.09104941934347142,-0.19762577190995212,100000,0.34111,magbinned_isotonic,0.07072325100908283,0.23563234773654046,0.004234501238448408,0.9024,0.8557578623788129,0.07816766012127639,0.06069446379026454,0.259271212693421,-0.007444409112193559,-0.05645996255181613,-0.023638864956880556
EBV_SFD98,6,-0.09104941934347142,0.1978574171662332,0.05340399891138089,100000,0.333,uncalibrated,0.07845701191767543,0.25959948985699216,0.06141121975476369,0.89178,0.8495523550019463,0.07845701191767543,0.06141121975476369,0.25959948985699216,0.0,0.0,0.0
EBV_SFD98,6,-0.09104941934347142,0.1978574171662332,0.05340399891138089,100000,0.333,beta,0.07088052769633607,0.2345148276716379,0.0038389292496412175,0.90176,0.8509437397584512,0.07845701191767543,0.06141121975476369,0.25959948985699216,-0.007576484221339358,-0.05757229050512248,-0.025084662185354267
EBV_SFD98,6,-0.09104941934347142,0.1978574171662332,0.05340399891138089,100000,0.333,isotonic,0.07084384566696332,0.23438366672513664,0.0031225632189893185,0.90197,0.8519832701686573,0.07845701191767543,0.06141121975476369,0.25959948985699216,-0.007613166250712108,-0.05828865653577437,-0.025215823131855525
EBV_SFD98,6,-0.09104941934347142,0.1978574171662332,0.05340399891138089,100000,0.333,magaware_platt,0.07087734066379985,0.23452646622016524,0.0051719658841310814,0.90145,0.8499657456040192,0.07845701191767543,0.06141121975476369,0.25959948985699216,-0.007579671253875583,-0.05623925387063261,-0.025073023636826924
EBV_SFD98,6,-0.09104941934347142,0.1978574171662332,0.05340399891138089,100000,0.333,magbinned_beta,0.07084707605059293,0.23434311474314565,0.0035490640774497283,0.90154,0.8507322397744156,0.07845701191767543,0.06141121975476369,0.25959948985699216,-0.007609935867082501,-0.05786215567731397,-0.025256375113846513
EBV_SFD98,6,-0.09104941934347142,0.1978574171662332,0.05340399891138089,100000,0.333,magbinned_isotonic,0.07087736231574834,0.23448812102397953,0.0031709103195444286,0.90149,0.8510471006275043,0.07845701191767543,0.06141121975476369,0.25959948985699216,-0.007579649601927085,-0.05824030943521926,-0.025111368833012626
EBV_SFD98,7,0.1978574171662332,0.5610196471214295,0.37943853214383133,100000,0.31502,uncalibrated,0.07461669456754484,0.2481547868749503,0.05865490771068203,0.89654,0.8477140922605906,0.07461669456754484,0.05865490771068203,0.2481547868749503,0.0,0.0,0.0
EBV_SFD98,7,0.1978574171662332,0.5610196471214295,0.37943853214383133,100000,0.31502,beta,0.06751882449410343,0.22431314984942044,0.0039148722852226535,0.90672,0.850171865463073,0.07461669456754484,0.05865490771068203,0.2481547868749503,-0.007097870073441412,-0.05474003542545938,-0.023841637025529855
EBV_SFD98,7,0.1978574171662332,0.5610196471214295,0.37943853214383133,100000,0.31502,isotonic,0.06751123297846963,0.22420400889229045,0.0035484839967075917,0.90709,0.8515126815937095,0.07461669456754484,0.05865490771068203,0.2481547868749503,-0.007105461589075213,-0.055106423713974444,-0.02395077798265985
EBV_SFD98,7,0.1978574171662332,0.5610196471214295,0.37943853214383133,100000,0.31502,magaware_platt,0.06751579060735807,0.22429122625333986,0.005113791354756168,0.90669,0.8495703622499153,0.07461669456754484,0.05865490771068203,0.2481547868749503,-0.007100903960186769,-0.053541116355925865,-0.023863560621610436
EBV_SFD98,7,0.1978574171662332,0.5610196471214295,0.37943853214383133,100000,0.31502,magbinned_beta,0.06749126677617234,0.22420024625218155,0.0033492318823019553,0.90685,0.8505942547355927,0.07461669456754484,0.05865490771068203,0.2481547868749503,-0.007125427791372499,-0.05530567582838008,-0.02395454062276875
EBV_SFD98,7,0.1978574171662332,0.5610196471214295,0.37943853214383133,100000,0.31502,magbinned_isotonic,0.06753046417603893,0.22506261643605852,0.00265304710792138,0.90674,0.8506980020491803,0.07461669456754484,0.05865490771068203,0.2481547868749503,-0.00708623039150591,-0.056001860602760654,-0.02309217043889178
EBV_SFD98,8,0.5610196471214295,1.2113310098648071,0.8861753284931183,100000,0.31215,uncalibrated,0.07442539806565246,0.24679615963273274,0.05912394726020469,0.89683,0.8469083408763781,0.07442539806565246,0.05912394726020469,0.24679615963273274,0.0,0.0,0.0
EBV_SFD98,8,0.5610196471214295,1.2113310098648071,0.8861753284931183,100000,0.31215,beta,0.06708787522165657,0.2224799537907281,0.004026405254894064,0.90701,0.8494064681209412,0.07442539806565246,0.05912394726020469,0.24679615963273274,-0.007337522843995886,-0.055097542005310626,-0.02431620584200464
EBV_SFD98,8,0.5610196471214295,1.2113310098648071,0.8861753284931183,100000,0.31215,isotonic,0.0670930660810008,0.22265465262179707,0.0038685858538552663,0.90737,0.8507484330438425,0.07442539806565246,0.05912394726020469,0.24679615963273274,-0.007332331984651663,-0.05525536140634942,-0.024141507010935676
EBV_SFD98,8,0.5610196471214295,1.2113310098648071,0.8861753284931183,100000,0.31215,magaware_platt,0.06707682746499073,0.22249442444500087,0.005253974887580136,0.90684,0.8486187845303867,0.07442539806565246,0.05912394726020469,0.24679615963273274,-0.007348570600661727,-0.05386997237262455,-0.024301735187731877
EBV_SFD98,8,0.5610196471214295,1.2113310098648071,0.8861753284931183,100000,0.31215,magbinned_beta,0.0670512156452987,0.22233300380278592,0.0038415938889942414,0.90725,0.8499943394090343,0.07442539806565246,0.05912394726020469,0.24679615963273274,-0.007374182420353759,-0.055282353371210444,-0.02446315582994682
EBV_SFD98,8,0.5610196471214295,1.2113310098648071,0.8861753284931183,100000,0.31215,magbinned_isotonic,0.06712067983666467,0.22388998492461026,0.003978522053135585,0.90711,0.8501169826542961,0.07442539806565246,0.05912394726020469,0.24679615963273274,-0.007304718228987789,-0.0551454252070691,-0.02290617470812248
EBV_SFD98,9,1.2113310098648071,10.046147346496582,5.628739178180695,100000,0.27668,uncalibrated,0.06901347939412192,0.22983882709104222,0.05427255793279132,0.9048,0.840536013400335,0.06901347939412192,0.05427255793279132,0.22983882709104222,0.0,0.0,0.0
EBV_SFD98,9,1.2113310098648071,10.046147346496582,5.628739178180695,100000,0.27668,beta,0.06255141042465409,0.20764706816117984,0.004309390762114598,0.91387,0.8423826516607192,0.06901347939412192,0.05427255793279132,0.22983882709104222,-0.006462068969467827,-0.049963167170676726,-0.022191758929862387
EBV_SFD98,9,1.2113310098648071,10.046147346496582,5.628739178180695,100000,0.27668,isotonic,0.06253723480190064,0.2082022648719666,0.003679059170184659,0.91367,0.842799133237431,0.06901347939412192,0.05427255793279132,0.22983882709104222,-0.006476244592221278,-0.050593498762606666,-0.021636562219075617
EBV_SFD98,9,1.2113310098648071,10.046147346496582,5.628739178180695,100000,0.27668,magaware_platt,0.06254628584257069,0.2076659806348557,0.005221955913559333,0.91401,0.8420491908671773,0.06901347939412192,0.05427255793279132,0.22983882709104222,-0.006467193551551231,-0.04905060201923199,-0.02217284645618653
EBV_SFD98,9,1.2113310098648071,10.046147346496582,5.628739178180695,100000,0.27668,magbinned_beta,0.06248638511988498,0.20740358516682833,0.003603056762008297,0.91358,0.8418779961210524,0.06901347939412192,0.05427255793279132,0.22983882709104222,-0.006527094274236936,-0.050669501170783025,-0.022435241924213895
EBV_SFD98,9,1.2113310098648071,10.046147346496582,5.628739178180695,100000,0.27668,magbinned_isotonic,0.06249180952710366,0.21000787053258071,0.0038887760561749736,0.91361,0.8423338747650247,0.06901347939412192,0.05427255793279132,0.22983882709104222,-0.006521669867018257,-0.05038378187661635,-0.01983095655846151
